Year,Trustees Report,Exact age,Male Death Probability,Male Number of lives,Male Life Expectancy,Female Death Probability,Female Number of lives,Female Life Expectancy
2010,2014 Trustees Report,0,0.01,100000,76.1,0.01,100000,80.94
2010,2014 Trustees Report,1,0,99332,75.62,0,99444,80.39
2010,2014 Trustees Report,2,0,99289,74.65,0,99404,79.43
2010,2014 Trustees Report,3,0,99259,73.67,0,99383,78.44
2010,2014 Trustees Report,4,0,99235,72.69,0,99367,77.46
2010,2014 Trustees Report,5,0,99218,71.7,0,99354,76.47
2010,2014 Trustees Report,6,0,99203,70.71,0,99342,75.47
2010,2014 Trustees Report,7,0,99189,69.72,0,99332,74.48
2010,2014 Trustees Report,8,0,99176,68.73,0,99322,73.49
2010,2014 Trustees Report,9,0,99164,67.74,0,99313,72.5
2010,2014 Trustees Report,10,0,99155,66.74,0,99304,71.5
2010,2014 Trustees Report,11,0,99147,65.75,0,99295,70.51
2010,2014 Trustees Report,12,0,99138,64.76,0,99285,69.52
2010,2014 Trustees Report,13,0,99126,63.76,0,99274,68.52
2010,2014 Trustees Report,14,0,99106,62.78,0,99261,67.53
2010,2014 Trustees Report,15,0,99074,61.8,0,99244,66.54
2010,2014 Trustees Report,16,0,99030,60.82,0,99223,65.56
2010,2014 Trustees Report,17,0,98975,59.86,0,99199,64.57
2010,2014 Trustees Report,18,0,98906,58.9,0,99171,63.59
2010,2014 Trustees Report,19,0,98825,57.95,0,99139,62.61
2010,2014 Trustees Report,20,0,98731,57,0,99105,61.63
2010,2014 Trustees Report,21,0,98624,56.06,0,99066,60.66
2010,2014 Trustees Report,22,0,98505,55.13,0,99024,59.68
2010,2014 Trustees Report,23,0,98376,54.2,0,98979,58.71
2010,2014 Trustees Report,24,0,98244,53.27,0,98932,57.74
2010,2014 Trustees Report,25,0,98111,52.34,0,98883,56.77
2010,2014 Trustees Report,26,0,97980,51.41,0,98833,55.79
2010,2014 Trustees Report,27,0,97848,50.48,0,98780,54.82
2010,2014 Trustees Report,28,0,97717,49.55,0,98726,53.85
2010,2014 Trustees Report,29,0,97584,48.62,0,98668,52.88
2010,2014 Trustees Report,30,0,97450,47.68,0,98608,51.92
2010,2014 Trustees Report,31,0,97313,46.75,0,98545,50.95
2010,2014 Trustees Report,32,0,97173,45.82,0,98479,49.98
2010,2014 Trustees Report,33,0,97031,44.88,0,98408,49.02
2010,2014 Trustees Report,34,0,96885,43.95,0,98332,48.06
2010,2014 Trustees Report,35,0,96736,43.02,0,98252,47.1
2010,2014 Trustees Report,36,0,96582,42.08,0,98166,46.14
2010,2014 Trustees Report,37,0,96422,41.15,0,98073,45.18
2010,2014 Trustees Report,38,0,96254,40.22,0,97972,44.23
2010,2014 Trustees Report,39,0,96077,39.3,0,97865,43.27
2010,2014 Trustees Report,40,0,95889,38.37,0,97749,42.32
2010,2014 Trustees Report,41,0,95689,37.45,0,97624,41.38
2010,2014 Trustees Report,42,0,95475,36.53,0,97488,40.43
2010,2014 Trustees Report,43,0,95242,35.62,0,97340,39.5
2010,2014 Trustees Report,44,0,94986,34.72,0,97177,38.56
2010,2014 Trustees Report,45,0,94704,33.82,0,96997,37.63
2010,2014 Trustees Report,46,0,94392,32.93,0,96797,36.71
2010,2014 Trustees Report,47,0,94048,32.05,0,96578,35.79
2010,2014 Trustees Report,48,0,93672,31.17,0,96339,34.88
2010,2014 Trustees Report,49,0,93263,30.31,0,96078,33.97
2010,2014 Trustees Report,50,0.01,92820,29.45,0,95795,33.07
2010,2014 Trustees Report,51,0.01,92342,28.6,0,95487,32.18
2010,2014 Trustees Report,52,0.01,91825,27.76,0,95155,31.29
2010,2014 Trustees Report,53,0.01,91267,26.93,0,94798,30.4
2010,2014 Trustees Report,54,0.01,90664,26.1,0,94418,29.52
2010,2014 Trustees Report,55,0.01,90013,25.29,0,94017,28.65
2010,2014 Trustees Report,56,0.01,89311,24.48,0,93593,27.77
2010,2014 Trustees Report,57,0.01,88555,23.69,0.01,93140,26.91
2010,2014 Trustees Report,58,0.01,87750,22.9,0.01,92657,26.04
2010,2014 Trustees Report,59,0.01,86901,22.12,0.01,92141,25.19
2010,2014 Trustees Report,60,0.01,86010,21.34,0.01,91588,24.34
2010,2014 Trustees Report,61,0.01,85076,20.57,0.01,90994,23.49
2010,2014 Trustees Report,62,0.01,84090,19.81,0.01,90352,22.65
2010,2014 Trustees Report,63,0.01,83043,19.05,0.01,89658,21.83
2010,2014 Trustees Report,64,0.01,81926,18.3,0.01,88903,21.01
2010,2014 Trustees Report,65,0.02,80729,17.57,0.01,88081,20.2
2010,2014 Trustees Report,66,0.02,79444,16.84,0.01,87182,19.4
2010,2014 Trustees Report,67,0.02,78064,16.13,0.01,86201,18.62
2010,2014 Trustees Report,68,0.02,76589,15.43,0.01,85135,17.84
2010,2014 Trustees Report,69,0.02,75020,14.75,0.01,83982,17.08
2010,2014 Trustees Report,70,0.02,73355,14.07,0.02,82740,16.33
2010,2014 Trustees Report,71,0.03,71584,13.4,0.02,81397,15.59
2010,2014 Trustees Report,72,0.03,69697,12.75,0.02,79941,14.87
2010,2014 Trustees Report,73,0.03,67689,12.12,0.02,78367,14.16
2010,2014 Trustees Report,74,0.03,65558,11.49,0.02,76669,13.46
2010,2014 Trustees Report,75,0.04,63300,10.89,0.03,74839,12.77
2010,2014 Trustees Report,76,0.04,60904,10.3,0.03,72860,12.11
2010,2014 Trustees Report,77,0.05,58363,9.72,0.03,70721,11.46
2010,2014 Trustees Report,78,0.05,55682,9.17,0.04,68421,10.83
2010,2014 Trustees Report,79,0.06,52872,8.63,0.04,65967,10.21
2010,2014 Trustees Report,80,0.06,49939,8.1,0.04,63357,9.61
2010,2014 Trustees Report,81,0.07,46884,7.6,0.05,60580,9.03
2010,2014 Trustees Report,82,0.07,43710,7.11,0.05,57624,8.47
2010,2014 Trustees Report,83,0.08,40435,6.65,0.06,54487,7.93
2010,2014 Trustees Report,84,0.09,37084,6.21,0.07,51176,7.41
2010,2014 Trustees Report,85,0.1,33682,5.78,0.08,47702,6.91
2010,2014 Trustees Report,86,0.11,30261,5.38,0.08,44080,6.44
2010,2014 Trustees Report,87,0.12,26854,5,0.1,40335,5.99
2010,2014 Trustees Report,88,0.14,23503,4.64,0.11,36499,5.56
2010,2014 Trustees Report,89,0.15,20253,4.3,0.12,32617,5.17
2010,2014 Trustees Report,90,0.17,17152,3.99,0.13,28743,4.8
2010,2014 Trustees Report,91,0.19,14250,3.7,0.15,24938,4.45
2010,2014 Trustees Report,92,0.21,11592,3.44,0.16,21268,4.13
2010,2014 Trustees Report,93,0.22,9214,3.2,0.18,17798,3.84
2010,2014 Trustees Report,94,0.25,7142,2.98,0.2,14588,3.58
2010,2014 Trustees Report,95,0.27,5387,2.79,0.22,11691,3.34
2010,2014 Trustees Report,96,0.29,3952,2.62,0.24,9153,3.13
2010,2014 Trustees Report,97,0.31,2819,2.47,0.25,6997,2.94
2010,2014 Trustees Report,98,0.32,1957,2.34,0.27,5222,2.76
2010,2014 Trustees Report,99,0.34,1323,2.22,0.29,3807,2.6
2010,2014 Trustees Report,100,0.36,873,2.1,0.3,2714,2.45
2010,2014 Trustees Report,101,0.37,562,1.99,0.32,1888,2.31
2010,2014 Trustees Report,102,0.39,351,1.88,0.34,1279,2.17
2010,2014 Trustees Report,103,0.41,213,1.78,0.36,841,2.03
2010,2014 Trustees Report,104,0.43,125,1.68,0.38,536,1.91
2010,2014 Trustees Report,105,0.46,71,1.59,0.41,330,1.79
2010,2014 Trustees Report,106,0.48,39,1.5,0.43,196,1.67
2010,2014 Trustees Report,107,0.5,20,1.41,0.46,111,1.56
2010,2014 Trustees Report,108,0.53,10,1.32,0.49,60,1.45
2010,2014 Trustees Report,109,0.55,5,1.24,0.51,31,1.35
2010,2014 Trustees Report,110,0.58,2,1.17,0.55,15,1.26
2010,2014 Trustees Report,111,0.61,1,1.09,0.58,7,1.17
2010,2014 Trustees Report,112,0.64,0,1.02,0.61,3,1.08
2010,2014 Trustees Report,113,0.67,0,0.95,0.65,1,1
2010,2014 Trustees Report,114,0.71,0,0.89,0.69,0,0.92
2010,2014 Trustees Report,115,0.74,0,0.83,0.73,0,0.84
2010,2014 Trustees Report,116,0.78,0,0.77,0.77,0,0.77
2010,2014 Trustees Report,117,0.82,0,0.71,0.82,0,0.71
2010,2014 Trustees Report,118,0.86,0,0.66,0.86,0,0.66
2010,2014 Trustees Report,119,0.9,0,0.6,0.9,0,0.6
2011,2015 Trustees Report,0,0.01,100000,76.18,0.01,100000,80.95
2011,2015 Trustees Report,1,0,99343,75.69,0,99449,80.39
2011,2015 Trustees Report,2,0,99299,74.72,0,99411,79.42
2011,2015 Trustees Report,3,0,99270,73.74,0,99389,78.44
2011,2015 Trustees Report,4,0,99248,72.76,0,99373,77.45
2011,2015 Trustees Report,5,0,99230,71.77,0,99358,76.47
2011,2015 Trustees Report,6,0,99215,70.78,0,99346,75.48
2011,2015 Trustees Report,7,0,99200,69.79,0,99334,74.48
2011,2015 Trustees Report,8,0,99187,68.8,0,99324,73.49
2011,2015 Trustees Report,9,0,99175,67.81,0,99314,72.5
2011,2015 Trustees Report,10,0,99164,66.82,0,99305,71.51
2011,2015 Trustees Report,11,0,99155,65.82,0,99296,70.51
2011,2015 Trustees Report,12,0,99146,64.83,0,99288,69.52
2011,2015 Trustees Report,13,0,99132,63.84,0,99277,68.52
2011,2015 Trustees Report,14,0,99112,62.85,0,99265,67.53
2011,2015 Trustees Report,15,0,99080,61.87,0,99248,66.54
2011,2015 Trustees Report,16,0,99037,60.9,0,99228,65.56
2011,2015 Trustees Report,17,0,98983,59.93,0,99204,64.57
2011,2015 Trustees Report,18,0,98917,58.97,0,99175,63.59
2011,2015 Trustees Report,19,0,98837,58.02,0,99144,62.61
2011,2015 Trustees Report,20,0,98744,57.07,0,99109,61.63
2011,2015 Trustees Report,21,0,98637,56.13,0,99071,60.66
2011,2015 Trustees Report,22,0,98517,55.2,0,99030,59.68
2011,2015 Trustees Report,23,0,98387,54.27,0,98986,58.71
2011,2015 Trustees Report,24,0,98254,53.35,0,98939,57.74
2011,2015 Trustees Report,25,0,98120,52.42,0,98891,56.76
2011,2015 Trustees Report,26,0,97987,51.49,0,98841,55.79
2011,2015 Trustees Report,27,0,97855,50.56,0,98789,54.82
2011,2015 Trustees Report,28,0,97722,49.63,0,98735,53.85
2011,2015 Trustees Report,29,0,97588,48.69,0,98677,52.88
2011,2015 Trustees Report,30,0,97452,47.76,0,98615,51.92
2011,2015 Trustees Report,31,0,97312,46.83,0,98549,50.95
2011,2015 Trustees Report,32,0,97170,45.9,0,98478,49.99
2011,2015 Trustees Report,33,0,97024,44.96,0,98403,49.02
2011,2015 Trustees Report,34,0,96876,44.03,0,98323,48.06
2011,2015 Trustees Report,35,0,96724,43.1,0,98240,47.1
2011,2015 Trustees Report,36,0,96568,42.17,0,98153,46.15
2011,2015 Trustees Report,37,0,96405,41.24,0,98060,45.19
2011,2015 Trustees Report,38,0,96236,40.31,0,97960,44.23
2011,2015 Trustees Report,39,0,96057,39.39,0,97853,43.28
2011,2015 Trustees Report,40,0,95869,38.46,0,97737,42.33
2011,2015 Trustees Report,41,0,95668,37.54,0,97610,41.39
2011,2015 Trustees Report,42,0,95453,36.62,0,97472,40.45
2011,2015 Trustees Report,43,0,95221,35.71,0,97321,39.51
2011,2015 Trustees Report,44,0,94967,34.81,0,97155,38.57
2011,2015 Trustees Report,45,0,94687,33.91,0,96972,37.65
2011,2015 Trustees Report,46,0,94380,33.02,0,96772,36.72
2011,2015 Trustees Report,47,0,94043,32.13,0,96552,35.81
2011,2015 Trustees Report,48,0,93674,31.26,0,96312,34.89
2011,2015 Trustees Report,49,0,93270,30.39,0,96050,33.99
2011,2015 Trustees Report,50,0.01,92830,29.53,0,95766,33.09
2011,2015 Trustees Report,51,0.01,92352,28.68,0,95457,32.19
2011,2015 Trustees Report,52,0.01,91832,27.84,0,95123,31.3
2011,2015 Trustees Report,53,0.01,91270,27.01,0,94763,30.42
2011,2015 Trustees Report,54,0.01,90663,26.19,0,94380,29.54
2011,2015 Trustees Report,55,0.01,90008,25.38,0,93974,28.67
2011,2015 Trustees Report,56,0.01,89302,24.57,0,93543,27.8
2011,2015 Trustees Report,57,0.01,88544,23.78,0.01,93083,26.93
2011,2015 Trustees Report,58,0.01,87736,22.99,0.01,92592,26.07
2011,2015 Trustees Report,59,0.01,86886,22.21,0.01,92071,25.22
2011,2015 Trustees Report,60,0.01,85995,21.44,0.01,91516,24.37
2011,2015 Trustees Report,61,0.01,85060,20.67,0.01,90923,23.52
2011,2015 Trustees Report,62,0.01,84075,19.9,0.01,90287,22.68
2011,2015 Trustees Report,63,0.01,83032,19.15,0.01,89600,21.85
2011,2015 Trustees Report,64,0.01,81925,18.4,0.01,88857,21.03
2011,2015 Trustees Report,65,0.02,80748,17.66,0.01,88050,20.22
2011,2015 Trustees Report,66,0.02,79492,16.93,0.01,87171,19.42
2011,2015 Trustees Report,67,0.02,78151,16.21,0.01,86211,18.63
2011,2015 Trustees Report,68,0.02,76717,15.51,0.01,85168,17.85
2011,2015 Trustees Report,69,0.02,75185,14.81,0.01,84039,17.09
2011,2015 Trustees Report,70,0.02,73548,14.13,0.02,82818,16.33
2011,2015 Trustees Report,71,0.03,71795,13.47,0.02,81494,15.59
2011,2015 Trustees Report,72,0.03,69917,12.81,0.02,80054,14.86
2011,2015 Trustees Report,73,0.03,67915,12.18,0.02,78494,14.14
2011,2015 Trustees Report,74,0.03,65796,11.55,0.02,76809,13.44
2011,2015 Trustees Report,75,0.04,63559,10.94,0.03,74992,12.76
2011,2015 Trustees Report,76,0.04,61195,10.34,0.03,73026,12.09
2011,2015 Trustees Report,77,0.05,58692,9.76,0.03,70896,11.44
2011,2015 Trustees Report,78,0.05,56048,9.2,0.04,68604,10.8
2011,2015 Trustees Report,79,0.05,53265,8.66,0.04,66153,10.18
2011,2015 Trustees Report,80,0.06,50344,8.13,0.04,63542,9.58
2011,2015 Trustees Report,81,0.07,47283,7.62,0.05,60757,9
2011,2015 Trustees Report,82,0.07,44091,7.14,0.05,57786,8.43
2011,2015 Trustees Report,83,0.08,40794,6.68,0.06,54633,7.89
2011,2015 Trustees Report,84,0.09,37424,6.23,0.07,51305,7.37
2011,2015 Trustees Report,85,0.1,34014,5.81,0.08,47815,6.87
2011,2015 Trustees Report,86,0.11,30589,5.4,0.09,44179,6.4
2011,2015 Trustees Report,87,0.12,27180,5.02,0.1,40417,5.94
2011,2015 Trustees Report,88,0.14,23822,4.65,0.11,36561,5.52
2011,2015 Trustees Report,89,0.15,20555,4.31,0.12,32655,5.12
2011,2015 Trustees Report,90,0.17,17429,4,0.13,28751,4.75
2011,2015 Trustees Report,91,0.19,14493,3.7,0.15,24912,4.4
2011,2015 Trustees Report,92,0.2,11797,3.44,0.17,21208,4.08
2011,2015 Trustees Report,93,0.22,9379,3.19,0.18,17707,3.79
2011,2015 Trustees Report,94,0.25,7270,2.97,0.2,14472,3.53
2011,2015 Trustees Report,95,0.27,5481,2.78,0.22,11557,3.29
2011,2015 Trustees Report,96,0.29,4018,2.61,0.24,9010,3.08
2011,2015 Trustees Report,97,0.31,2864,2.46,0.26,6854,2.89
2011,2015 Trustees Report,98,0.32,1986,2.33,0.28,5088,2.72
2011,2015 Trustees Report,99,0.34,1341,2.21,0.29,3687,2.56
2011,2015 Trustees Report,100,0.36,884,2.09,0.31,2610,2.41
2011,2015 Trustees Report,101,0.38,568,1.98,0.33,1803,2.27
2011,2015 Trustees Report,102,0.39,354,1.88,0.35,1211,2.13
2011,2015 Trustees Report,103,0.41,215,1.77,0.37,790,2
2011,2015 Trustees Report,104,0.43,126,1.68,0.39,499,1.87
2011,2015 Trustees Report,105,0.46,71,1.58,0.41,304,1.75
2011,2015 Trustees Report,106,0.48,39,1.49,0.44,178,1.64
2011,2015 Trustees Report,107,0.5,20,1.4,0.47,100,1.53
2011,2015 Trustees Report,108,0.53,10,1.32,0.49,53,1.43
2011,2015 Trustees Report,109,0.56,5,1.24,0.52,27,1.33
2011,2015 Trustees Report,110,0.58,2,1.16,0.55,13,1.23
2011,2015 Trustees Report,111,0.61,1,1.09,0.59,6,1.14
2011,2015 Trustees Report,112,0.64,0,1.02,0.62,2,1.06
2011,2015 Trustees Report,113,0.67,0,0.95,0.66,1,0.98
2011,2015 Trustees Report,114,0.71,0,0.89,0.7,0,0.9
2011,2015 Trustees Report,115,0.74,0,0.82,0.74,0,0.83
2011,2015 Trustees Report,116,0.78,0,0.76,0.78,0,0.76
2011,2015 Trustees Report,117,0.82,0,0.71,0.82,0,0.71
2011,2015 Trustees Report,118,0.86,0,0.65,0.86,0,0.65
2011,2015 Trustees Report,119,0.9,0,0.6,0.9,0,0.6
2013,2016 Trustees Report,0,0.01,100000,76.28,0.01,100000,81.05
2013,2016 Trustees Report,1,0,99348,75.78,0,99462,80.49
2013,2016 Trustees Report,2,0,99302,74.82,0,99425,79.52
2013,2016 Trustees Report,3,0,99273,73.84,0,99403,78.54
2013,2016 Trustees Report,4,0,99252,72.85,0,99387,77.55
2013,2016 Trustees Report,5,0,99235,71.87,0,99373,76.56
2013,2016 Trustees Report,6,0,99219,70.88,0,99361,75.57
2013,2016 Trustees Report,7,0,99205,69.89,0,99351,74.58
2013,2016 Trustees Report,8,0,99192,68.9,0,99341,73.58
2013,2016 Trustees Report,9,0,99180,67.9,0,99331,72.59
2013,2016 Trustees Report,10,0,99170,66.91,0,99322,71.6
2013,2016 Trustees Report,11,0,99161,65.92,0,99312,70.6
2013,2016 Trustees Report,12,0,99151,64.92,0,99303,69.61
2013,2016 Trustees Report,13,0,99138,63.93,0,99291,68.62
2013,2016 Trustees Report,14,0,99119,62.94,0,99278,67.63
2013,2016 Trustees Report,15,0,99091,61.96,0,99262,66.64
2013,2016 Trustees Report,16,0,99052,60.99,0,99243,65.65
2013,2016 Trustees Report,17,0,99003,60.02,0,99220,64.67
2013,2016 Trustees Report,18,0,98943,59.05,0,99194,63.68
2013,2016 Trustees Report,19,0,98870,58.09,0,99165,62.7
2013,2016 Trustees Report,20,0,98785,57.14,0,99132,61.72
2013,2016 Trustees Report,21,0,98685,56.2,0,99095,60.75
2013,2016 Trustees Report,22,0,98572,55.27,0,99054,59.77
2013,2016 Trustees Report,23,0,98449,54.33,0,99010,58.8
2013,2016 Trustees Report,24,0,98321,53.4,0,98963,57.82
2013,2016 Trustees Report,25,0,98191,52.47,0,98915,56.85
2013,2016 Trustees Report,26,0,98060,51.54,0,98864,55.88
2013,2016 Trustees Report,27,0,97928,50.61,0,98811,54.91
2013,2016 Trustees Report,28,0,97795,49.68,0,98755,53.94
2013,2016 Trustees Report,29,0,97659,48.75,0,98697,52.97
2013,2016 Trustees Report,30,0,97519,47.82,0,98635,52.01
2013,2016 Trustees Report,31,0,97376,46.89,0,98569,51.04
2013,2016 Trustees Report,32,0,97230,45.96,0,98500,50.08
2013,2016 Trustees Report,33,0,97080,45.03,0,98426,49.11
2013,2016 Trustees Report,34,0,96927,44.1,0,98348,48.15
2013,2016 Trustees Report,35,0,96772,43.17,0,98265,47.19
2013,2016 Trustees Report,36,0,96612,42.24,0,98176,46.23
2013,2016 Trustees Report,37,0,96448,41.31,0,98081,45.28
2013,2016 Trustees Report,38,0,96277,40.38,0,97979,44.33
2013,2016 Trustees Report,39,0,96097,39.46,0,97870,43.37
2013,2016 Trustees Report,40,0,95908,38.53,0,97753,42.43
2013,2016 Trustees Report,41,0,95708,37.61,0,97627,41.48
2013,2016 Trustees Report,42,0,95493,36.7,0,97491,40.54
2013,2016 Trustees Report,43,0,95262,35.78,0,97343,39.6
2013,2016 Trustees Report,44,0,95012,34.88,0,97182,38.66
2013,2016 Trustees Report,45,0,94739,33.98,0,97004,37.73
2013,2016 Trustees Report,46,0,94441,33.08,0,96810,36.81
2013,2016 Trustees Report,47,0,94115,32.19,0,96597,35.89
2013,2016 Trustees Report,48,0,93759,31.32,0,96364,34.97
2013,2016 Trustees Report,49,0,93368,30.44,0,96109,34.06
2013,2016 Trustees Report,50,0.01,92940,29.58,0,95829,33.16
2013,2016 Trustees Report,51,0.01,92472,28.73,0,95524,32.27
2013,2016 Trustees Report,52,0.01,91961,27.89,0,95193,31.38
2013,2016 Trustees Report,53,0.01,91406,27.05,0,94834,30.49
2013,2016 Trustees Report,54,0.01,90804,26.23,0,94449,29.62
2013,2016 Trustees Report,55,0.01,90153,25.41,0,94038,28.74
2013,2016 Trustees Report,56,0.01,89450,24.61,0.01,93598,27.88
2013,2016 Trustees Report,57,0.01,88693,23.82,0.01,93126,27.01
2013,2016 Trustees Report,58,0.01,87883,23.03,0.01,92623,26.16
2013,2016 Trustees Report,59,0.01,87022,22.25,0.01,92090,25.31
2013,2016 Trustees Report,60,0.01,86112,21.48,0.01,91526,24.46
2013,2016 Trustees Report,61,0.01,85147,20.72,0.01,90927,23.62
2013,2016 Trustees Report,62,0.01,84125,19.97,0.01,90287,22.78
2013,2016 Trustees Report,63,0.01,83042,19.22,0.01,89600,21.95
2013,2016 Trustees Report,64,0.01,81899,18.48,0.01,88858,21.13
2013,2016 Trustees Report,65,0.02,80691,17.75,0.01,88054,20.32
2013,2016 Trustees Report,66,0.02,79412,17.03,0.01,87177,19.52
2013,2016 Trustees Report,67,0.02,78054,16.32,0.01,86223,18.73
2013,2016 Trustees Report,68,0.02,76613,15.61,0.01,85187,17.95
2013,2016 Trustees Report,69,0.02,75084,14.92,0.01,84069,17.18
2013,2016 Trustees Report,70,0.02,73461,14.24,0.02,82864,16.43
2013,2016 Trustees Report,71,0.03,71732,13.57,0.02,81561,15.68
2013,2016 Trustees Report,72,0.03,69889,12.92,0.02,80147,14.95
2013,2016 Trustees Report,73,0.03,67930,12.27,0.02,78616,14.23
2013,2016 Trustees Report,74,0.03,65853,11.65,0.02,76961,13.53
2013,2016 Trustees Report,75,0.04,63657,11.03,0.03,75177,12.83
2013,2016 Trustees Report,76,0.04,61329,10.43,0.03,73244,12.16
2013,2016 Trustees Report,77,0.04,58859,9.85,0.03,71148,11.5
2013,2016 Trustees Report,78,0.05,56249,9.28,0.04,68888,10.86
2013,2016 Trustees Report,79,0.05,53504,8.73,0.04,66467,10.24
2013,2016 Trustees Report,80,0.06,50629,8.2,0.04,63880,9.64
2013,2016 Trustees Report,81,0.07,47621,7.68,0.05,61114,9.05
2013,2016 Trustees Report,82,0.07,44484,7.19,0.05,58159,8.48
2013,2016 Trustees Report,83,0.08,41233,6.72,0.06,55016,7.94
2013,2016 Trustees Report,84,0.09,37890,6.27,0.07,51694,7.42
2013,2016 Trustees Report,85,0.1,34482,5.84,0.08,48205,6.92
2013,2016 Trustees Report,86,0.11,31040,5.43,0.08,44565,6.44
2013,2016 Trustees Report,87,0.12,27598,5.04,0.09,40796,5.99
2013,2016 Trustees Report,88,0.14,24201,4.68,0.11,36933,5.57
2013,2016 Trustees Report,89,0.15,20896,4.34,0.12,33017,5.17
2013,2016 Trustees Report,90,0.17,17735,4.03,0.13,29104,4.8
2013,2016 Trustees Report,91,0.18,14768,3.74,0.15,25257,4.45
2013,2016 Trustees Report,92,0.2,12043,3.47,0.16,21542,4.13
2013,2016 Trustees Report,93,0.22,9599,3.23,0.18,18027,3.84
2013,2016 Trustees Report,94,0.24,7463,3.01,0.2,14775,3.57
2013,2016 Trustees Report,95,0.26,5647,2.82,0.22,11839,3.34
2013,2016 Trustees Report,96,0.28,4157,2.64,0.24,9267,3.12
2013,2016 Trustees Report,97,0.3,2977,2.49,0.25,7083,2.93
2013,2016 Trustees Report,98,0.32,2075,2.36,0.27,5285,2.76
2013,2016 Trustees Report,99,0.34,1410,2.24,0.29,3852,2.6
2013,2016 Trustees Report,100,0.35,935,2.12,0.3,2745,2.45
2013,2016 Trustees Report,101,0.37,605,2.01,0.32,1909,2.3
2013,2016 Trustees Report,102,0.39,380,1.9,0.34,1292,2.17
2013,2016 Trustees Report,103,0.41,232,1.8,0.36,850,2.03
2013,2016 Trustees Report,104,0.43,137,1.7,0.38,541,1.91
2013,2016 Trustees Report,105,0.45,78,1.6,0.41,333,1.78
2013,2016 Trustees Report,106,0.47,43,1.51,0.43,197,1.67
2013,2016 Trustees Report,107,0.5,23,1.42,0.46,112,1.56
2013,2016 Trustees Report,108,0.52,11,1.34,0.49,61,1.45
2013,2016 Trustees Report,109,0.55,5,1.26,0.51,31,1.35
2013,2016 Trustees Report,110,0.58,2,1.18,0.55,15,1.26
2013,2016 Trustees Report,111,0.6,1,1.11,0.58,7,1.17
2013,2016 Trustees Report,112,0.63,0,1.04,0.61,3,1.08
2013,2016 Trustees Report,113,0.67,0,0.97,0.65,1,1
2013,2016 Trustees Report,114,0.7,0,0.9,0.69,0,0.92
2013,2016 Trustees Report,115,0.73,0,0.84,0.73,0,0.85
2013,2016 Trustees Report,116,0.77,0,0.78,0.77,0,0.78
2013,2016 Trustees Report,117,0.81,0,0.72,0.81,0,0.72
2013,2016 Trustees Report,118,0.85,0,0.67,0.85,0,0.67
2013,2016 Trustees Report,119,0.89,0,0.61,0.89,0,0.61
2014,2017 Trustees Report,0,0.01,100000,76.33,0.01,100000,81.11
2014,2017 Trustees Report,1,0,99368,75.81,0,99469,80.54
2014,2017 Trustees Report,2,0,99328,74.84,0,99434,79.57
2014,2017 Trustees Report,3,0,99300,73.86,0,99412,78.59
2014,2017 Trustees Report,4,0,99279,72.88,0,99396,77.6
2014,2017 Trustees Report,5,0,99261,71.89,0,99383,76.61
2014,2017 Trustees Report,6,0,99245,70.9,0,99372,75.62
2014,2017 Trustees Report,7,0,99231,69.91,0,99361,74.63
2014,2017 Trustees Report,8,0,99218,68.92,0,99351,73.64
2014,2017 Trustees Report,9,0,99206,67.93,0,99342,72.64
2014,2017 Trustees Report,10,0,99197,66.94,0,99334,71.65
2014,2017 Trustees Report,11,0,99187,65.94,0,99325,70.66
2014,2017 Trustees Report,12,0,99177,64.95,0,99317,69.66
2014,2017 Trustees Report,13,0,99164,63.96,0,99307,68.67
2014,2017 Trustees Report,14,0,99144,62.97,0,99294,67.68
2014,2017 Trustees Report,15,0,99114,61.99,0,99279,66.69
2014,2017 Trustees Report,16,0,99074,61.02,0,99260,65.7
2014,2017 Trustees Report,17,0,99024,60.05,0,99237,64.72
2014,2017 Trustees Report,18,0,98963,59.08,0,99210,63.73
2014,2017 Trustees Report,19,0,98889,58.13,0,99180,62.75
2014,2017 Trustees Report,20,0,98802,57.18,0,99146,61.77
2014,2017 Trustees Report,21,0,98701,56.24,0,99109,60.8
2014,2017 Trustees Report,22,0,98588,55.3,0,99069,59.82
2014,2017 Trustees Report,23,0,98464,54.37,0,99025,58.85
2014,2017 Trustees Report,24,0,98335,53.44,0,98978,57.87
2014,2017 Trustees Report,25,0,98204,52.51,0,98929,56.9
2014,2017 Trustees Report,26,0,98072,51.58,0,98877,55.93
2014,2017 Trustees Report,27,0,97937,50.65,0,98822,54.96
2014,2017 Trustees Report,28,0,97801,49.72,0,98765,53.99
2014,2017 Trustees Report,29,0,97662,48.79,0,98705,53.03
2014,2017 Trustees Report,30,0,97520,47.86,0,98641,52.06
2014,2017 Trustees Report,31,0,97373,46.93,0,98575,51.1
2014,2017 Trustees Report,32,0,97224,46,0,98505,50.13
2014,2017 Trustees Report,33,0,97071,45.07,0,98431,49.17
2014,2017 Trustees Report,34,0,96914,44.15,0,98351,48.21
2014,2017 Trustees Report,35,0,96753,43.22,0,98266,47.25
2014,2017 Trustees Report,36,0,96587,42.29,0,98175,46.29
2014,2017 Trustees Report,37,0,96415,41.37,0,98076,45.34
2014,2017 Trustees Report,38,0,96236,40.44,0,97970,44.39
2014,2017 Trustees Report,39,0,96050,39.52,0,97856,43.44
2014,2017 Trustees Report,40,0,95856,38.6,0,97735,42.49
2014,2017 Trustees Report,41,0,95653,37.68,0,97604,41.55
2014,2017 Trustees Report,42,0,95437,36.76,0,97463,40.61
2014,2017 Trustees Report,43,0,95207,35.85,0,97311,39.67
2014,2017 Trustees Report,44,0,94958,34.95,0,97146,38.74
2014,2017 Trustees Report,45,0,94688,34.04,0,96966,37.81
2014,2017 Trustees Report,46,0,94394,33.15,0,96771,36.88
2014,2017 Trustees Report,47,0,94073,32.26,0,96559,35.96
2014,2017 Trustees Report,48,0,93721,31.38,0,96327,35.05
2014,2017 Trustees Report,49,0,93336,30.51,0,96072,34.14
2014,2017 Trustees Report,50,0,92913,29.64,0,95794,33.24
2014,2017 Trustees Report,51,0.01,92449,28.79,0,95488,32.34
2014,2017 Trustees Report,52,0.01,91943,27.94,0,95155,31.45
2014,2017 Trustees Report,53,0.01,91392,27.11,0,94794,30.57
2014,2017 Trustees Report,54,0.01,90792,26.29,0,94405,29.7
2014,2017 Trustees Report,55,0.01,90142,25.47,0,93987,28.83
2014,2017 Trustees Report,56,0.01,89439,24.67,0.01,93539,27.96
2014,2017 Trustees Report,57,0.01,88681,23.87,0.01,93057,27.1
2014,2017 Trustees Report,58,0.01,87867,23.09,0.01,92542,26.25
2014,2017 Trustees Report,59,0.01,87001,22.32,0.01,91997,25.4
2014,2017 Trustees Report,60,0.01,86081,21.55,0.01,91420,24.56
2014,2017 Trustees Report,61,0.01,85104,20.79,0.01,90809,23.72
2014,2017 Trustees Report,62,0.01,84065,20.04,0.01,90157,22.89
2014,2017 Trustees Report,63,0.01,82967,19.3,0.01,89461,22.07
2014,2017 Trustees Report,64,0.01,81812,18.57,0.01,88715,21.25
2014,2017 Trustees Report,65,0.02,80600,17.84,0.01,87914,20.44
2014,2017 Trustees Report,66,0.02,79324,17.12,0.01,87049,19.63
2014,2017 Trustees Report,67,0.02,77977,16.4,0.01,86114,18.84
2014,2017 Trustees Report,68,0.02,76550,15.7,0.01,85102,18.06
2014,2017 Trustees Report,69,0.02,75036,15.01,0.01,84006,17.29
2014,2017 Trustees Report,70,0.02,73427,14.32,0.02,82818,16.53
2014,2017 Trustees Report,71,0.03,71710,13.66,0.02,81525,15.78
2014,2017 Trustees Report,72,0.03,69878,13,0.02,80117,15.05
2014,2017 Trustees Report,73,0.03,67930,12.36,0.02,78591,14.34
2014,2017 Trustees Report,74,0.03,65866,11.73,0.02,76947,13.63
2014,2017 Trustees Report,75,0.04,63686,11.11,0.03,75182,12.94
2014,2017 Trustees Report,76,0.04,61377,10.51,0.03,73280,12.26
2014,2017 Trustees Report,77,0.04,58930,9.93,0.03,71225,11.6
2014,2017 Trustees Report,78,0.05,56344,9.36,0.03,69008,10.96
2014,2017 Trustees Report,79,0.05,53625,8.81,0.04,66621,10.33
2014,2017 Trustees Report,80,0.06,50776,8.28,0.04,64059,9.73
2014,2017 Trustees Report,81,0.07,47795,7.76,0.05,61304,9.14
2014,2017 Trustees Report,82,0.07,44685,7.27,0.05,58350,8.58
2014,2017 Trustees Report,83,0.08,41461,6.8,0.06,55213,8.04
2014,2017 Trustees Report,84,0.09,38148,6.34,0.07,51913,7.52
2014,2017 Trustees Report,85,0.1,34771,5.91,0.07,48467,7.01
2014,2017 Trustees Report,86,0.11,31358,5.5,0.08,44889,6.53
2014,2017 Trustees Report,87,0.12,27943,5.11,0.09,41191,6.08
2014,2017 Trustees Report,88,0.13,24565,4.74,0.1,37394,5.64
2014,2017 Trustees Report,89,0.15,21270,4.4,0.12,33531,5.23
2014,2017 Trustees Report,90,0.16,18107,4.08,0.13,29650,4.85
2014,2017 Trustees Report,91,0.18,15128,3.79,0.14,25811,4.5
2014,2017 Trustees Report,92,0.2,12381,3.52,0.16,22083,4.18
2014,2017 Trustees Report,93,0.22,9906,3.27,0.18,18536,3.88
2014,2017 Trustees Report,94,0.24,7733,3.05,0.2,15240,3.61
2014,2017 Trustees Report,95,0.26,5878,2.85,0.21,12250,3.37
2014,2017 Trustees Report,96,0.28,4348,2.68,0.23,9620,3.16
2014,2017 Trustees Report,97,0.3,3130,2.53,0.25,7378,2.96
2014,2017 Trustees Report,98,0.32,2194,2.39,0.27,5525,2.79
2014,2017 Trustees Report,99,0.33,1500,2.27,0.28,4043,2.63
2014,2017 Trustees Report,100,0.35,1001,2.15,0.3,2893,2.48
2014,2017 Trustees Report,101,0.37,652,2.04,0.32,2021,2.33
2014,2017 Trustees Report,102,0.38,413,1.93,0.34,1375,2.19
2014,2017 Trustees Report,103,0.4,254,1.83,0.36,909,2.06
2014,2017 Trustees Report,104,0.42,151,1.73,0.38,583,1.93
2014,2017 Trustees Report,105,0.45,87,1.63,0.4,361,1.81
2014,2017 Trustees Report,106,0.47,48,1.54,0.43,215,1.69
2014,2017 Trustees Report,107,0.49,26,1.45,0.45,123,1.58
2014,2017 Trustees Report,108,0.52,13,1.36,0.48,67,1.47
2014,2017 Trustees Report,109,0.54,6,1.28,0.51,35,1.37
2014,2017 Trustees Report,110,0.57,3,1.2,0.54,17,1.27
2014,2017 Trustees Report,111,0.6,1,1.13,0.57,8,1.18
2014,2017 Trustees Report,112,0.63,1,1.05,0.61,3,1.09
2014,2017 Trustees Report,113,0.66,0,0.98,0.64,1,1.01
2014,2017 Trustees Report,114,0.69,0,0.92,0.68,0,0.93
2014,2017 Trustees Report,115,0.73,0,0.86,0.72,0,0.86
2014,2017 Trustees Report,116,0.76,0,0.79,0.76,0,0.79
2014,2017 Trustees Report,117,0.8,0,0.74,0.8,0,0.74
2014,2017 Trustees Report,118,0.84,0,0.68,0.84,0,0.68
2014,2017 Trustees Report,119,0.88,0,0.63,0.88,0,0.63
2015,2018 Trustees Report,0,0.01,100000,76.15,0.01,100000,80.97
2015,2018 Trustees Report,1,0,99362,75.63,0,99463,80.41
2015,2018 Trustees Report,2,0,99317,74.67,0,99427,79.44
2015,2018 Trustees Report,3,0,99289,73.69,0,99405,78.45
2015,2018 Trustees Report,4,0,99266,72.71,0,99388,77.47
2015,2018 Trustees Report,5,0,99249,71.72,0,99375,76.48
2015,2018 Trustees Report,6,0,99234,70.73,0,99364,75.48
2015,2018 Trustees Report,7,0,99219,69.74,0,99353,74.49
2015,2018 Trustees Report,8,0,99206,68.75,0,99343,73.5
2015,2018 Trustees Report,9,0,99194,67.76,0,99334,72.51
2015,2018 Trustees Report,10,0,99184,66.76,0,99325,71.51
2015,2018 Trustees Report,11,0,99174,65.77,0,99316,70.52
2015,2018 Trustees Report,12,0,99164,64.78,0,99306,69.53
2015,2018 Trustees Report,13,0,99151,63.79,0,99295,68.53
2015,2018 Trustees Report,14,0,99131,62.8,0,99281,67.54
2015,2018 Trustees Report,15,0,99100,61.82,0,99264,66.56
2015,2018 Trustees Report,16,0,99059,60.84,0,99243,65.57
2015,2018 Trustees Report,17,0,99006,59.88,0,99217,64.59
2015,2018 Trustees Report,18,0,98941,58.91,0,99188,63.61
2015,2018 Trustees Report,19,0,98863,57.96,0,99156,62.63
2015,2018 Trustees Report,20,0,98771,57.01,0,99120,61.65
2015,2018 Trustees Report,21,0,98663,56.08,0,99080,60.67
2015,2018 Trustees Report,22,0,98542,55.14,0,99037,59.7
2015,2018 Trustees Report,23,0,98410,54.22,0,98990,58.73
2015,2018 Trustees Report,24,0,98272,53.29,0,98941,57.76
2015,2018 Trustees Report,25,0,98131,52.37,0,98890,56.79
2015,2018 Trustees Report,26,0,97989,51.44,0,98836,55.82
2015,2018 Trustees Report,27,0,97844,50.52,0,98779,54.85
2015,2018 Trustees Report,28,0,97698,49.59,0,98719,53.88
2015,2018 Trustees Report,29,0,97547,48.67,0,98656,52.92
2015,2018 Trustees Report,30,0,97393,47.75,0,98588,51.95
2015,2018 Trustees Report,31,0,97235,46.82,0,98515,50.99
2015,2018 Trustees Report,32,0,97072,45.9,0,98437,50.03
2015,2018 Trustees Report,33,0,96906,44.98,0,98354,49.07
2015,2018 Trustees Report,34,0,96736,44.06,0,98267,48.11
2015,2018 Trustees Report,35,0,96562,43.14,0,98175,47.16
2015,2018 Trustees Report,36,0,96383,42.22,0,98080,46.2
2015,2018 Trustees Report,37,0,96198,41.3,0,97978,45.25
2015,2018 Trustees Report,38,0,96006,40.38,0,97870,44.3
2015,2018 Trustees Report,39,0,95809,39.46,0,97756,43.35
2015,2018 Trustees Report,40,0,95603,38.54,0,97633,42.41
2015,2018 Trustees Report,41,0,95389,37.63,0,97502,41.46
2015,2018 Trustees Report,42,0,95164,36.72,0,97360,40.52
2015,2018 Trustees Report,43,0,94925,35.81,0,97207,39.59
2015,2018 Trustees Report,44,0,94671,34.9,0,97041,38.65
2015,2018 Trustees Report,45,0,94397,34,0,96861,37.72
2015,2018 Trustees Report,46,0,94102,33.11,0,96665,36.8
2015,2018 Trustees Report,47,0,93784,32.22,0,96452,35.88
2015,2018 Trustees Report,48,0,93436,31.34,0,96220,34.96
2015,2018 Trustees Report,49,0,93054,30.46,0,95965,34.06
2015,2018 Trustees Report,50,0.01,92632,29.6,0,95686,33.15
2015,2018 Trustees Report,51,0.01,92168,28.75,0,95380,32.26
2015,2018 Trustees Report,52,0.01,91659,27.9,0,95047,31.37
2015,2018 Trustees Report,53,0.01,91103,27.07,0,94686,30.49
2015,2018 Trustees Report,54,0.01,90501,26.25,0,94296,29.61
2015,2018 Trustees Report,55,0.01,89851,25.43,0,93877,28.74
2015,2018 Trustees Report,56,0.01,89150,24.63,0.01,93425,27.88
2015,2018 Trustees Report,57,0.01,88396,23.83,0.01,92939,27.02
2015,2018 Trustees Report,58,0.01,87588,23.05,0.01,92420,26.17
2015,2018 Trustees Report,59,0.01,86724,22.27,0.01,91870,25.32
2015,2018 Trustees Report,60,0.01,85802,21.51,0.01,91289,24.48
2015,2018 Trustees Report,61,0.01,84819,20.75,0.01,90673,23.64
2015,2018 Trustees Report,62,0.01,83772,20,0.01,90017,22.81
2015,2018 Trustees Report,63,0.01,82663,19.27,0.01,89317,21.99
2015,2018 Trustees Report,64,0.01,81498,18.53,0.01,88569,21.17
2015,2018 Trustees Report,65,0.02,80277,17.81,0.01,87769,20.36
2015,2018 Trustees Report,66,0.02,78995,17.09,0.01,86910,19.55
2015,2018 Trustees Report,67,0.02,77644,16.38,0.01,85982,18.76
2015,2018 Trustees Report,68,0.02,76216,15.68,0.01,84978,17.98
2015,2018 Trustees Report,69,0.02,74704,14.98,0.01,83889,17.2
2015,2018 Trustees Report,70,0.02,73100,14.3,0.02,82706,16.44
2015,2018 Trustees Report,71,0.03,71393,13.63,0.02,81414,15.69
2015,2018 Trustees Report,72,0.03,69574,12.97,0.02,80004,14.96
2015,2018 Trustees Report,73,0.03,67640,12.33,0.02,78475,14.24
2015,2018 Trustees Report,74,0.03,65592,11.7,0.02,76827,13.54
2015,2018 Trustees Report,75,0.04,63426,11.08,0.03,75058,12.85
2015,2018 Trustees Report,76,0.04,61130,10.48,0.03,73150,12.17
2015,2018 Trustees Report,77,0.04,58693,9.89,0.03,71088,11.51
2015,2018 Trustees Report,78,0.05,56117,9.33,0.03,68862,10.86
2015,2018 Trustees Report,79,0.05,53406,8.77,0.04,66466,10.24
2015,2018 Trustees Report,80,0.06,50564,8.24,0.04,63895,9.63
2015,2018 Trustees Report,81,0.07,47585,7.72,0.05,61131,9.04
2015,2018 Trustees Report,82,0.07,44475,7.23,0.05,58167,8.48
2015,2018 Trustees Report,83,0.08,41251,6.75,0.06,55013,7.93
2015,2018 Trustees Report,84,0.09,37939,6.3,0.07,51688,7.41
2015,2018 Trustees Report,85,0.1,34566,5.87,0.08,48207,6.91
2015,2018 Trustees Report,86,0.11,31158,5.45,0.08,44585,6.43
2015,2018 Trustees Report,87,0.12,27748,5.06,0.09,40838,5.98
2015,2018 Trustees Report,88,0.14,24374,4.69,0.11,36992,5.54
2015,2018 Trustees Report,89,0.15,21079,4.35,0.12,33085,5.14
2015,2018 Trustees Report,90,0.17,17915,4.03,0.13,29167,4.76
2015,2018 Trustees Report,91,0.18,14934,3.73,0.15,25303,4.41
2015,2018 Trustees Report,92,0.2,12186,3.46,0.16,21563,4.09
2015,2018 Trustees Report,93,0.22,9714,3.21,0.18,18020,3.8
2015,2018 Trustees Report,94,0.24,7549,2.99,0.2,14740,3.54
2015,2018 Trustees Report,95,0.27,5706,2.8,0.22,11781,3.3
2015,2018 Trustees Report,96,0.29,4193,2.63,0.24,9192,3.09
2015,2018 Trustees Report,97,0.3,2996,2.48,0.26,6998,2.9
2015,2018 Trustees Report,98,0.32,2083,2.34,0.27,5199,2.73
2015,2018 Trustees Report,99,0.34,1410,2.22,0.29,3771,2.57
2015,2018 Trustees Report,100,0.36,932,2.11,0.31,2673,2.42
2015,2018 Trustees Report,101,0.37,600,2,0.33,1848,2.27
2015,2018 Trustees Report,102,0.39,376,1.89,0.35,1243,2.14
2015,2018 Trustees Report,103,0.41,228,1.79,0.37,812,2
2015,2018 Trustees Report,104,0.43,134,1.69,0.39,514,1.88
2015,2018 Trustees Report,105,0.45,76,1.59,0.41,313,1.76
2015,2018 Trustees Report,106,0.48,42,1.5,0.44,184,1.64
2015,2018 Trustees Report,107,0.5,22,1.41,0.46,103,1.53
2015,2018 Trustees Report,108,0.53,11,1.33,0.49,55,1.43
2015,2018 Trustees Report,109,0.55,5,1.25,0.52,28,1.33
2015,2018 Trustees Report,110,0.58,2,1.17,0.55,13,1.24
2015,2018 Trustees Report,111,0.61,1,1.1,0.59,6,1.15
2015,2018 Trustees Report,112,0.64,0,1.03,0.62,2,1.06
2015,2018 Trustees Report,113,0.67,0,0.96,0.66,1,0.98
2015,2018 Trustees Report,114,0.7,0,0.89,0.7,0,0.9
2015,2018 Trustees Report,115,0.74,0,0.83,0.74,0,0.83
2015,2018 Trustees Report,116,0.78,0,0.77,0.78,0,0.77
2015,2018 Trustees Report,117,0.82,0,0.71,0.82,0,0.71
2015,2018 Trustees Report,118,0.86,0,0.66,0.86,0,0.66
2015,2018 Trustees Report,119,0.9,0,0.61,0.9,0,0.61
2016,2019 Trustees Report,0,0.01,100000,76.04,0.01,100000,80.99
2016,2019 Trustees Report,1,0,99364,75.52,0,99467,80.43
2016,2019 Trustees Report,2,0,99321,74.55,0,99431,79.46
2016,2019 Trustees Report,3,0,99292,73.58,0,99407,78.48
2016,2019 Trustees Report,4,0,99269,72.59,0,99390,77.49
2016,2019 Trustees Report,5,0,99252,71.6,0,99375,76.5
2016,2019 Trustees Report,6,0,99237,70.62,0,99361,75.51
2016,2019 Trustees Report,7,0,99222,69.63,0,99349,74.52
2016,2019 Trustees Report,8,0,99209,68.64,0,99338,73.53
2016,2019 Trustees Report,9,0,99197,67.64,0,99328,72.54
2016,2019 Trustees Report,10,0,99187,66.65,0,99319,71.54
2016,2019 Trustees Report,11,0,99178,65.66,0,99310,70.55
2016,2019 Trustees Report,12,0,99169,64.66,0,99300,69.56
2016,2019 Trustees Report,13,0,99156,63.67,0,99289,68.56
2016,2019 Trustees Report,14,0,99135,62.68,0,99275,67.57
2016,2019 Trustees Report,15,0,99103,61.7,0,99258,66.58
2016,2019 Trustees Report,16,0,99060,60.73,0,99236,65.6
2016,2019 Trustees Report,17,0,99004,59.76,0,99211,64.62
2016,2019 Trustees Report,18,0,98934,58.81,0,99181,63.63
2016,2019 Trustees Report,19,0,98850,57.86,0,99147,62.66
2016,2019 Trustees Report,20,0,98751,56.91,0,99109,61.68
2016,2019 Trustees Report,21,0,98635,55.98,0,99067,60.71
2016,2019 Trustees Report,22,0,98504,55.05,0,99021,59.73
2016,2019 Trustees Report,23,0,98360,54.13,0,98971,58.76
2016,2019 Trustees Report,24,0,98210,53.22,0,98918,57.8
2016,2019 Trustees Report,25,0,98055,52.3,0,98861,56.83
2016,2019 Trustees Report,26,0,97898,51.38,0,98802,55.86
2016,2019 Trustees Report,27,0,97738,50.47,0,98740,54.9
2016,2019 Trustees Report,28,0,97575,49.55,0,98674,53.93
2016,2019 Trustees Report,29,0,97408,48.63,0,98605,52.97
2016,2019 Trustees Report,30,0,97238,47.72,0,98530,52.01
2016,2019 Trustees Report,31,0,97063,46.8,0,98451,51.05
2016,2019 Trustees Report,32,0,96885,45.89,0,98367,50.09
2016,2019 Trustees Report,33,0,96703,44.97,0,98278,49.14
2016,2019 Trustees Report,34,0,96516,44.06,0,98184,48.19
2016,2019 Trustees Report,35,0,96325,43.15,0,98085,47.23
2016,2019 Trustees Report,36,0,96127,42.23,0,97980,46.28
2016,2019 Trustees Report,37,0,95923,41.32,0,97869,45.34
2016,2019 Trustees Report,38,0,95712,40.41,0,97752,44.39
2016,2019 Trustees Report,39,0,95495,39.5,0,97628,43.45
2016,2019 Trustees Report,40,0,95272,38.59,0,97499,42.5
2016,2019 Trustees Report,41,0,95042,37.69,0,97362,41.56
2016,2019 Trustees Report,42,0,94801,36.78,0,97217,40.62
2016,2019 Trustees Report,43,0,94549,35.88,0,97061,39.69
2016,2019 Trustees Report,44,0,94282,34.98,0,96894,38.76
2016,2019 Trustees Report,45,0,93998,34.08,0,96713,37.83
2016,2019 Trustees Report,46,0,93694,33.19,0,96516,36.9
2016,2019 Trustees Report,47,0,93369,32.3,0,96303,35.98
2016,2019 Trustees Report,48,0,93016,31.43,0,96070,35.07
2016,2019 Trustees Report,49,0,92631,30.55,0,95815,34.16
2016,2019 Trustees Report,50,0.01,92209,29.69,0,95536,33.26
2016,2019 Trustees Report,51,0.01,91747,28.84,0,95231,32.36
2016,2019 Trustees Report,52,0.01,91243,27.99,0,94899,31.48
2016,2019 Trustees Report,53,0.01,90694,27.16,0,94538,30.59
2016,2019 Trustees Report,54,0.01,90098,26.34,0,94148,29.72
2016,2019 Trustees Report,55,0.01,89452,25.52,0,93728,28.85
2016,2019 Trustees Report,56,0.01,88754,24.72,0.01,93275,27.99
2016,2019 Trustees Report,57,0.01,88001,23.93,0.01,92788,27.13
2016,2019 Trustees Report,58,0.01,87193,23.15,0.01,92267,26.28
2016,2019 Trustees Report,59,0.01,86329,22.37,0.01,91714,25.44
2016,2019 Trustees Report,60,0.01,85407,21.61,0.01,91127,24.6
2016,2019 Trustees Report,61,0.01,84422,20.85,0.01,90503,23.76
2016,2019 Trustees Report,62,0.01,83372,20.11,0.01,89837,22.94
2016,2019 Trustees Report,63,0.01,82263,19.37,0.01,89128,22.12
2016,2019 Trustees Report,64,0.01,81102,18.65,0.01,88375,21.3
2016,2019 Trustees Report,65,0.02,79893,17.92,0.01,87574,20.49
2016,2019 Trustees Report,66,0.02,78630,17.2,0.01,86719,19.69
2016,2019 Trustees Report,67,0.02,77303,16.49,0.01,85801,18.89
2016,2019 Trustees Report,68,0.02,75904,15.78,0.01,84811,18.11
2016,2019 Trustees Report,69,0.02,74421,15.09,0.01,83739,17.33
2016,2019 Trustees Report,70,0.02,72843,14.4,0.02,82573,16.57
2016,2019 Trustees Report,71,0.03,71158,13.73,0.02,81301,15.82
2016,2019 Trustees Report,72,0.03,69360,13.07,0.02,79911,15.09
2016,2019 Trustees Report,73,0.03,67447,12.43,0.02,78404,14.37
2016,2019 Trustees Report,74,0.03,65419,11.8,0.02,76781,13.66
2016,2019 Trustees Report,75,0.04,63274,11.18,0.03,75038,12.97
2016,2019 Trustees Report,76,0.04,60998,10.58,0.03,73159,12.29
2016,2019 Trustees Report,77,0.04,58583,10,0.03,71128,11.62
2016,2019 Trustees Report,78,0.05,56034,9.43,0.03,68936,10.98
2016,2019 Trustees Report,79,0.05,53360,8.88,0.04,66576,10.35
2016,2019 Trustees Report,80,0.06,50567,8.34,0.04,64042,9.74
2016,2019 Trustees Report,81,0.06,47648,7.82,0.05,61318,9.15
2016,2019 Trustees Report,82,0.07,44604,7.32,0.05,58395,8.58
2016,2019 Trustees Report,83,0.08,41447,6.84,0.06,55284,8.04
2016,2019 Trustees Report,84,0.09,38196,6.38,0.07,52001,7.51
2016,2019 Trustees Report,85,0.1,34873,5.94,0.07,48562,7.01
2016,2019 Trustees Report,86,0.11,31504,5.52,0.08,44980,6.53
2016,2019 Trustees Report,87,0.12,28121,5.12,0.09,41271,6.07
2016,2019 Trustees Report,88,0.13,24762,4.75,0.1,37459,5.64
2016,2019 Trustees Report,89,0.15,21472,4.4,0.12,33580,5.23
2016,2019 Trustees Report,90,0.16,18303,4.08,0.13,29685,4.85
2016,2019 Trustees Report,91,0.18,15307,3.78,0.14,25835,4.5
2016,2019 Trustees Report,92,0.2,12535,3.5,0.16,22098,4.18
2016,2019 Trustees Report,93,0.22,10030,3.25,0.18,18546,3.88
2016,2019 Trustees Report,94,0.24,7826,3.03,0.2,15245,3.61
2016,2019 Trustees Report,95,0.26,5941,2.83,0.21,12253,3.37
2016,2019 Trustees Report,96,0.28,4385,2.66,0.23,9622,3.16
2016,2019 Trustees Report,97,0.3,3147,2.51,0.25,7378,2.96
2016,2019 Trustees Report,98,0.32,2198,2.37,0.27,5525,2.79
2016,2019 Trustees Report,99,0.34,1496,2.25,0.28,4042,2.63
2016,2019 Trustees Report,100,0.35,994,2.13,0.3,2892,2.48
2016,2019 Trustees Report,101,0.37,644,2.02,0.32,2020,2.33
2016,2019 Trustees Report,102,0.39,406,1.91,0.34,1374,2.19
2016,2019 Trustees Report,103,0.41,248,1.81,0.36,909,2.06
2016,2019 Trustees Report,104,0.43,147,1.71,0.38,582,1.93
2016,2019 Trustees Report,105,0.45,84,1.61,0.4,361,1.81
2016,2019 Trustees Report,106,0.47,46,1.52,0.43,215,1.69
2016,2019 Trustees Report,107,0.5,24,1.43,0.45,123,1.58
2016,2019 Trustees Report,108,0.52,12,1.35,0.48,67,1.47
2016,2019 Trustees Report,109,0.55,6,1.27,0.51,35,1.37
2016,2019 Trustees Report,110,0.57,3,1.19,0.54,17,1.27
2016,2019 Trustees Report,111,0.6,1,1.11,0.57,8,1.18
2016,2019 Trustees Report,112,0.63,0,1.04,0.61,3,1.09
2016,2019 Trustees Report,113,0.66,0,0.97,0.64,1,1.01
2016,2019 Trustees Report,114,0.7,0,0.91,0.68,0,0.93
2016,2019 Trustees Report,115,0.73,0,0.84,0.72,0,0.86
2016,2019 Trustees Report,116,0.77,0,0.78,0.77,0,0.79
2016,2019 Trustees Report,117,0.81,0,0.73,0.81,0,0.73
2016,2019 Trustees Report,118,0.85,0,0.67,0.85,0,0.67
2016,2019 Trustees Report,119,0.89,0,0.62,0.89,0,0.62
2017,2020 Trustees Report,0,0.01,100000,75.97,0.01,100000,80.96
2017,2020 Trustees Report,1,0,99370,75.45,0,99477,80.39
2017,2020 Trustees Report,2,0,99327,74.48,0,99443,79.42
2017,2020 Trustees Report,3,0,99298,73.5,0,99422,78.43
2017,2020 Trustees Report,4,0,99276,72.52,0,99406,77.45
2017,2020 Trustees Report,5,0,99260,71.53,0,99392,76.46
2017,2020 Trustees Report,6,0,99245,70.54,0,99379,75.47
2017,2020 Trustees Report,7,0,99232,69.55,0,99368,74.47
2017,2020 Trustees Report,8,0,99219,68.56,0,99358,73.48
2017,2020 Trustees Report,9,0,99208,67.57,0,99348,72.49
2017,2020 Trustees Report,10,0,99197,66.57,0,99339,71.5
2017,2020 Trustees Report,11,0,99188,65.58,0,99330,70.5
2017,2020 Trustees Report,12,0,99177,64.59,0,99320,69.51
2017,2020 Trustees Report,13,0,99162,63.6,0,99309,68.52
2017,2020 Trustees Report,14,0,99139,62.61,0,99295,67.53
2017,2020 Trustees Report,15,0,99105,61.63,0,99278,66.54
2017,2020 Trustees Report,16,0,99059,60.66,0,99257,65.55
2017,2020 Trustees Report,17,0,99001,59.7,0,99232,64.57
2017,2020 Trustees Report,18,0,98929,58.74,0,99203,63.59
2017,2020 Trustees Report,19,0,98845,57.79,0,99170,62.61
2017,2020 Trustees Report,20,0,98746,56.85,0,99132,61.63
2017,2020 Trustees Report,21,0,98633,55.91,0,99090,60.66
2017,2020 Trustees Report,22,0,98506,54.98,0,99044,59.69
2017,2020 Trustees Report,23,0,98367,54.06,0,98993,58.72
2017,2020 Trustees Report,24,0,98220,53.14,0,98938,57.75
2017,2020 Trustees Report,25,0,98067,52.22,0,98880,56.78
2017,2020 Trustees Report,26,0,97910,51.31,0,98820,55.82
2017,2020 Trustees Report,27,0,97746,50.39,0,98756,54.85
2017,2020 Trustees Report,28,0,97579,49.48,0,98689,53.89
2017,2020 Trustees Report,29,0,97406,48.56,0,98617,52.93
2017,2020 Trustees Report,30,0,97229,47.65,0,98540,51.97
2017,2020 Trustees Report,31,0,97048,46.74,0,98458,51.01
2017,2020 Trustees Report,32,0,96862,45.83,0,98370,50.06
2017,2020 Trustees Report,33,0,96672,44.92,0,98278,49.1
2017,2020 Trustees Report,34,0,96478,44.01,0,98181,48.15
2017,2020 Trustees Report,35,0,96278,43.1,0,98079,47.2
2017,2020 Trustees Report,36,0,96072,42.19,0,97973,46.25
2017,2020 Trustees Report,37,0,95860,41.28,0,97861,45.3
2017,2020 Trustees Report,38,0,95641,40.37,0,97743,44.36
2017,2020 Trustees Report,39,0,95417,39.47,0,97619,43.41
2017,2020 Trustees Report,40,0,95188,38.56,0,97488,42.47
2017,2020 Trustees Report,41,0,94951,37.65,0,97348,41.53
2017,2020 Trustees Report,42,0,94706,36.75,0,97200,40.59
2017,2020 Trustees Report,43,0,94450,35.85,0,97042,39.66
2017,2020 Trustees Report,44,0,94178,34.95,0,96872,38.73
2017,2020 Trustees Report,45,0,93890,34.06,0,96690,37.8
2017,2020 Trustees Report,46,0,93581,33.17,0,96494,36.88
2017,2020 Trustees Report,47,0,93250,32.28,0,96282,35.96
2017,2020 Trustees Report,48,0,92893,31.41,0,96052,35.04
2017,2020 Trustees Report,49,0,92505,30.54,0,95802,34.13
2017,2020 Trustees Report,50,0,92082,29.67,0,95529,33.23
2017,2020 Trustees Report,51,0.01,91622,28.82,0,95231,32.33
2017,2020 Trustees Report,52,0.01,91122,27.98,0,94907,31.44
2017,2020 Trustees Report,53,0.01,90577,27.14,0,94554,30.55
2017,2020 Trustees Report,54,0.01,89986,26.32,0,94171,29.68
2017,2020 Trustees Report,55,0.01,89345,25.5,0,93755,28.81
2017,2020 Trustees Report,56,0.01,88651,24.7,0.01,93304,27.94
2017,2020 Trustees Report,57,0.01,87903,23.9,0.01,92816,27.09
2017,2020 Trustees Report,58,0.01,87098,23.12,0.01,92292,26.24
2017,2020 Trustees Report,59,0.01,86236,22.34,0.01,91734,25.39
2017,2020 Trustees Report,60,0.01,85316,21.58,0.01,91143,24.56
2017,2020 Trustees Report,61,0.01,84333,20.83,0.01,90515,23.72
2017,2020 Trustees Report,62,0.01,83286,20.08,0.01,89846,22.9
2017,2020 Trustees Report,63,0.01,82177,19.35,0.01,89134,22.07
2017,2020 Trustees Report,64,0.02,81013,18.62,0.01,88375,21.26
2017,2020 Trustees Report,65,0.02,79795,17.89,0.01,87568,20.45
2017,2020 Trustees Report,66,0.02,78518,17.18,0.01,86703,19.65
2017,2020 Trustees Report,67,0.02,77172,16.47,0.01,85774,18.86
2017,2020 Trustees Report,68,0.02,75755,15.77,0.01,84774,18.07
2017,2020 Trustees Report,69,0.02,74263,15.07,0.01,83696,17.3
2017,2020 Trustees Report,70,0.02,72691,14.39,0.02,82533,16.54
2017,2020 Trustees Report,71,0.02,71027,13.71,0.02,81272,15.79
2017,2020 Trustees Report,72,0.03,69261,13.05,0.02,79900,15.05
2017,2020 Trustees Report,73,0.03,67384,12.4,0.02,78413,14.32
2017,2020 Trustees Report,74,0.03,65390,11.76,0.02,76809,13.61
2017,2020 Trustees Report,75,0.04,63272,11.14,0.02,75079,12.92
2017,2020 Trustees Report,76,0.04,61015,10.53,0.03,73207,12.23
2017,2020 Trustees Report,77,0.04,58611,9.94,0.03,71177,11.57
2017,2020 Trustees Report,78,0.05,56065,9.37,0.03,68981,10.92
2017,2020 Trustees Report,79,0.05,53383,8.82,0.04,66613,10.29
2017,2020 Trustees Report,80,0.06,50573,8.28,0.04,64068,9.68
2017,2020 Trustees Report,81,0.06,47629,7.76,0.05,61328,9.09
2017,2020 Trustees Report,82,0.07,44553,7.26,0.05,58385,8.52
2017,2020 Trustees Report,83,0.08,41361,6.79,0.06,55251,7.98
2017,2020 Trustees Report,84,0.09,38074,6.33,0.07,51946,7.45
2017,2020 Trustees Report,85,0.1,34718,5.89,0.07,48487,6.95
2017,2020 Trustees Report,86,0.11,31321,5.48,0.08,44887,6.47
2017,2020 Trustees Report,87,0.12,27915,5.08,0.09,41159,6.01
2017,2020 Trustees Report,88,0.13,24539,4.71,0.1,37326,5.57
2017,2020 Trustees Report,89,0.15,21241,4.37,0.12,33424,5.16
2017,2020 Trustees Report,90,0.17,18070,4.05,0.13,29503,4.78
2017,2020 Trustees Report,91,0.18,15080,3.75,0.15,25627,4.43
2017,2020 Trustees Report,92,0.2,12322,3.48,0.16,21866,4.11
2017,2020 Trustees Report,93,0.22,9837,3.23,0.18,18294,3.81
2017,2020 Trustees Report,94,0.24,7656,3.01,0.2,14982,3.55
2017,2020 Trustees Report,95,0.26,5798,2.81,0.22,11987,3.31
2017,2020 Trustees Report,96,0.28,4269,2.64,0.24,9363,3.09
2017,2020 Trustees Report,97,0.3,3057,2.49,0.26,7136,2.9
2017,2020 Trustees Report,98,0.32,2129,2.36,0.27,5308,2.73
2017,2020 Trustees Report,99,0.34,1445,2.24,0.29,3854,2.58
2017,2020 Trustees Report,100,0.35,958,2.12,0.31,2735,2.42
2017,2020 Trustees Report,101,0.37,619,2.01,0.33,1893,2.28
2017,2020 Trustees Report,102,0.39,388,1.9,0.35,1276,2.14
2017,2020 Trustees Report,103,0.41,237,1.8,0.37,835,2.01
2017,2020 Trustees Report,104,0.43,140,1.7,0.39,529,1.88
2017,2020 Trustees Report,105,0.45,80,1.6,0.41,323,1.76
2017,2020 Trustees Report,106,0.47,44,1.51,0.44,190,1.65
2017,2020 Trustees Report,107,0.5,23,1.42,0.46,107,1.54
2017,2020 Trustees Report,108,0.52,11,1.34,0.49,58,1.44
2017,2020 Trustees Report,109,0.55,5,1.26,0.52,29,1.34
2017,2020 Trustees Report,110,0.58,2,1.18,0.55,14,1.24
2017,2020 Trustees Report,111,0.61,1,1.1,0.58,6,1.15
2017,2020 Trustees Report,112,0.64,0,1.03,0.62,3,1.06
2017,2020 Trustees Report,113,0.67,0,0.96,0.66,1,0.98
2017,2020 Trustees Report,114,0.7,0,0.9,0.7,0,0.91
2017,2020 Trustees Report,115,0.74,0,0.84,0.74,0,0.84
2017,2020 Trustees Report,116,0.77,0,0.78,0.77,0,0.78
2017,2020 Trustees Report,117,0.81,0,0.72,0.81,0,0.72
2017,2020 Trustees Report,118,0.85,0,0.66,0.85,0,0.66
2017,2020 Trustees Report,119,0.9,0,0.61,0.9,0,0.61
2019,2021 and 2022 Trustees Report,0,0.01,100000,76.23,0.01,100000,81.28
2019,2021 and 2022 Trustees Report,1,0,99392,75.69,0,99495,80.69
2019,2021 and 2022 Trustees Report,2,0,99350,74.73,0,99461,79.72
2019,2021 and 2022 Trustees Report,3,0,99324,73.75,0,99440,78.74
2019,2021 and 2022 Trustees Report,4,0,99305,72.76,0,99423,77.75
2019,2021 and 2022 Trustees Report,5,0,99289,71.77,0,99409,76.76
2019,2021 and 2022 Trustees Report,6,0,99275,70.78,0,99397,75.77
2019,2021 and 2022 Trustees Report,7,0,99262,69.79,0,99386,74.78
2019,2021 and 2022 Trustees Report,8,0,99249,68.8,0,99376,73.79
2019,2021 and 2022 Trustees Report,9,0,99238,67.81,0,99366,72.79
2019,2021 and 2022 Trustees Report,10,0,99227,66.81,0,99357,71.8
2019,2021 and 2022 Trustees Report,11,0,99218,65.82,0,99347,70.81
2019,2021 and 2022 Trustees Report,12,0,99207,64.83,0,99337,69.81
2019,2021 and 2022 Trustees Report,13,0,99193,63.84,0,99326,68.82
2019,2021 and 2022 Trustees Report,14,0,99171,62.85,0,99312,67.83
2019,2021 and 2022 Trustees Report,15,0,99139,61.87,0,99295,66.84
2019,2021 and 2022 Trustees Report,16,0,99096,60.9,0,99275,65.86
2019,2021 and 2022 Trustees Report,17,0,99041,59.93,0,99251,64.87
2019,2021 and 2022 Trustees Report,18,0,98974,58.97,0,99223,63.89
2019,2021 and 2022 Trustees Report,19,0,98894,58.02,0,99192,62.91
2019,2021 and 2022 Trustees Report,20,0,98801,57.07,0,99156,61.93
2019,2021 and 2022 Trustees Report,21,0,98695,56.13,0,99116,60.96
2019,2021 and 2022 Trustees Report,22,0,98575,55.2,0,99071,59.99
2019,2021 and 2022 Trustees Report,23,0,98444,54.27,0,99022,59.02
2019,2021 and 2022 Trustees Report,24,0,98306,53.35,0,98971,58.05
2019,2021 and 2022 Trustees Report,25,0,98162,52.43,0,98916,57.08
2019,2021 and 2022 Trustees Report,26,0,98014,51.51,0,98859,56.11
2019,2021 and 2022 Trustees Report,27,0,97861,50.58,0,98800,55.14
2019,2021 and 2022 Trustees Report,28,0,97703,49.67,0,98736,54.18
2019,2021 and 2022 Trustees Report,29,0,97540,48.75,0,98668,53.22
2019,2021 and 2022 Trustees Report,30,0,97371,47.83,0,98594,52.26
2019,2021 and 2022 Trustees Report,31,0,97196,46.92,0,98514,51.3
2019,2021 and 2022 Trustees Report,32,0,97015,46,0,98428,50.34
2019,2021 and 2022 Trustees Report,33,0,96828,45.09,0,98336,49.39
2019,2021 and 2022 Trustees Report,34,0,96635,44.18,0,98239,48.44
2019,2021 and 2022 Trustees Report,35,0,96435,43.27,0,98136,47.49
2019,2021 and 2022 Trustees Report,36,0,96228,42.36,0,98028,46.54
2019,2021 and 2022 Trustees Report,37,0,96013,41.46,0,97913,45.59
2019,2021 and 2022 Trustees Report,38,0,95791,40.55,0,97792,44.65
2019,2021 and 2022 Trustees Report,39,0,95561,39.65,0,97665,43.71
2019,2021 and 2022 Trustees Report,40,0,95324,38.75,0,97532,42.76
2019,2021 and 2022 Trustees Report,41,0,95078,37.84,0,97394,41.83
2019,2021 and 2022 Trustees Report,42,0,94821,36.95,0,97247,40.89
2019,2021 and 2022 Trustees Report,43,0,94553,36.05,0,97092,39.95
2019,2021 and 2022 Trustees Report,44,0,94272,35.16,0,96926,39.02
2019,2021 and 2022 Trustees Report,45,0,93975,34.26,0,96748,38.09
2019,2021 and 2022 Trustees Report,46,0,93661,33.38,0,96556,37.17
2019,2021 and 2022 Trustees Report,47,0,93327,32.5,0,96348,36.24
2019,2021 and 2022 Trustees Report,48,0,92970,31.62,0,96123,35.33
2019,2021 and 2022 Trustees Report,49,0,92585,30.75,0,95880,34.42
2019,2021 and 2022 Trustees Report,50,0,92168,29.88,0,95617,33.51
2019,2021 and 2022 Trustees Report,51,0.01,91718,29.03,0,95332,32.61
2019,2021 and 2022 Trustees Report,52,0.01,91230,28.18,0,95023,31.71
2019,2021 and 2022 Trustees Report,53,0.01,90700,27.34,0,94688,30.82
2019,2021 and 2022 Trustees Report,54,0.01,90123,26.51,0,94323,29.94
2019,2021 and 2022 Trustees Report,55,0.01,89495,25.7,0,93926,29.06
2019,2021 and 2022 Trustees Report,56,0.01,88812,24.89,0,93495,28.2
2019,2021 and 2022 Trustees Report,57,0.01,88074,24.1,0.01,93028,27.34
2019,2021 and 2022 Trustees Report,58,0.01,87277,23.31,0.01,92523,26.48
2019,2021 and 2022 Trustees Report,59,0.01,86421,22.54,0.01,91980,25.64
2019,2021 and 2022 Trustees Report,60,0.01,85506,21.77,0.01,91396,24.8
2019,2021 and 2022 Trustees Report,61,0.01,84527,21.02,0.01,90767,23.96
2019,2021 and 2022 Trustees Report,62,0.01,83483,20.28,0.01,90091,23.14
2019,2021 and 2022 Trustees Report,63,0.01,82377,19.54,0.01,89370,22.32
2019,2021 and 2022 Trustees Report,64,0.01,81214,18.81,0.01,88609,21.51
2019,2021 and 2022 Trustees Report,65,0.02,79996,18.09,0.01,87809,20.7
2019,2021 and 2022 Trustees Report,66,0.02,78717,17.38,0.01,86965,19.9
2019,2021 and 2022 Trustees Report,67,0.02,77371,16.67,0.01,86067,19.1
2019,2021 and 2022 Trustees Report,68,0.02,75956,15.97,0.01,85107,18.31
2019,2021 and 2022 Trustees Report,69,0.02,74475,15.28,0.01,84073,17.53
2019,2021 and 2022 Trustees Report,70,0.02,72924,14.6,0.01,82955,16.76
2019,2021 and 2022 Trustees Report,71,0.02,71293,13.92,0.02,81739,16
2019,2021 and 2022 Trustees Report,72,0.03,69570,13.25,0.02,80414,15.26
2019,2021 and 2022 Trustees Report,73,0.03,67744,12.59,0.02,78975,14.52
2019,2021 and 2022 Trustees Report,74,0.03,65804,11.95,0.02,77419,13.81
2019,2021 and 2022 Trustees Report,75,0.03,63739,11.32,0.02,75739,13.1
2019,2021 and 2022 Trustees Report,76,0.04,61534,10.71,0.03,73916,12.41
2019,2021 and 2022 Trustees Report,77,0.04,59181,10.12,0.03,71934,11.74
2019,2021 and 2022 Trustees Report,78,0.05,56686,9.54,0.03,69788,11.09
2019,2021 and 2022 Trustees Report,79,0.05,54059,8.98,0.04,67476,10.45
2019,2021 and 2022 Trustees Report,80,0.06,51307,8.43,0.04,64992,9.83
2019,2021 and 2022 Trustees Report,81,0.06,48423,7.91,0.05,62321,9.23
2019,2021 and 2022 Trustees Report,82,0.07,45405,7.4,0.05,59449,8.65
2019,2021 and 2022 Trustees Report,83,0.08,42264,6.91,0.06,56378,8.09
2019,2021 and 2022 Trustees Report,84,0.09,39016,6.44,0.06,53116,7.56
2019,2021 and 2022 Trustees Report,85,0.1,35684,6,0.07,49672,7.05
2019,2021 and 2022 Trustees Report,86,0.11,32293,5.58,0.08,46061,6.56
2019,2021 and 2022 Trustees Report,87,0.12,28878,5.18,0.09,42304,6.1
2019,2021 and 2022 Trustees Report,88,0.13,25477,4.8,0.1,38429,5.67
2019,2021 and 2022 Trustees Report,89,0.15,22138,4.45,0.12,34480,5.26
2019,2021 and 2022 Trustees Report,90,0.16,18913,4.12,0.13,30509,4.88
2019,2021 and 2022 Trustees Report,91,0.18,15857,3.82,0.14,26581,4.53
2019,2021 and 2022 Trustees Report,92,0.2,13022,3.54,0.16,22766,4.2
2019,2021 and 2022 Trustees Report,93,0.22,10453,3.29,0.18,19135,3.9
2019,2021 and 2022 Trustees Report,94,0.24,8184,3.06,0.19,15756,3.63
2019,2021 and 2022 Trustees Report,95,0.26,6237,2.87,0.21,12686,3.39
2019,2021 and 2022 Trustees Report,96,0.28,4624,2.69,0.23,9981,3.18
2019,2021 and 2022 Trustees Report,97,0.3,3335,2.54,0.25,7670,2.98
2019,2021 and 2022 Trustees Report,98,0.32,2341,2.4,0.27,5756,2.81
2019,2021 and 2022 Trustees Report,99,0.33,1603,2.28,0.28,4222,2.65
2019,2021 and 2022 Trustees Report,100,0.35,1072,2.16,0.3,3029,2.49
2019,2021 and 2022 Trustees Report,101,0.37,699,2.05,0.32,2121,2.35
2019,2021 and 2022 Trustees Report,102,0.38,444,1.94,0.34,1448,2.21
2019,2021 and 2022 Trustees Report,103,0.4,273,1.83,0.36,961,2.07
2019,2021 and 2022 Trustees Report,104,0.42,163,1.73,0.38,618,1.94
2019,2021 and 2022 Trustees Report,105,0.44,94,1.64,0.4,384,1.82
2019,2021 and 2022 Trustees Report,106,0.47,52,1.54,0.42,230,1.7
2019,2021 and 2022 Trustees Report,107,0.49,28,1.45,0.45,132,1.59
2019,2021 and 2022 Trustees Report,108,0.51,14,1.37,0.48,73,1.48
2019,2021 and 2022 Trustees Report,109,0.54,7,1.29,0.51,38,1.38
2019,2021 and 2022 Trustees Report,110,0.57,3,1.21,0.54,19,1.28
2019,2021 and 2022 Trustees Report,111,0.6,1,1.13,0.57,9,1.19
2019,2021 and 2022 Trustees Report,112,0.62,1,1.06,0.6,4,1.1
2019,2021 and 2022 Trustees Report,113,0.66,0,0.99,0.64,1,1.02
2019,2021 and 2022 Trustees Report,114,0.69,0,0.92,0.68,1,0.94
2019,2021 and 2022 Trustees Report,115,0.72,0,0.86,0.72,0,0.87
2019,2021 and 2022 Trustees Report,116,0.76,0,0.8,0.76,0,0.8
2019,2021 and 2022 Trustees Report,117,0.8,0,0.74,0.8,0,0.74
2019,2021 and 2022 Trustees Report,118,0.84,0,0.68,0.84,0,0.68
2019,2021 and 2022 Trustees Report,119,0.88,0,0.63,0.88,0,0.63
2020,2023 Trustees Report,0,0.01,100000,74.12,0,100000,79.78
2020,2023 Trustees Report,1,0,99416,73.55,0,99509,79.17
2020,2023 Trustees Report,2,0,99376,72.58,0,99478,78.19
2020,2023 Trustees Report,3,0,99350,71.6,0,99458,77.21
2020,2023 Trustees Report,4,0,99330,70.62,0,99442,76.22
2020,2023 Trustees Report,5,0,99313,69.63,0,99430,75.23
2020,2023 Trustees Report,6,0,99299,68.64,0,99419,74.24
2020,2023 Trustees Report,7,0,99287,67.65,0,99409,73.25
2020,2023 Trustees Report,8,0,99276,66.65,0,99399,72.25
2020,2023 Trustees Report,9,0,99265,65.66,0,99390,71.26
2020,2023 Trustees Report,10,0,99254,64.67,0,99381,70.27
2020,2023 Trustees Report,11,0,99241,63.68,0,99372,69.27
2020,2023 Trustees Report,12,0,99227,62.69,0,99362,68.28
2020,2023 Trustees Report,13,0,99209,61.7,0,99349,67.29
2020,2023 Trustees Report,14,0,99187,60.71,0,99335,66.3
2020,2023 Trustees Report,15,0,99156,59.73,0,99318,65.31
2020,2023 Trustees Report,16,0,99113,58.76,0,99297,64.32
2020,2023 Trustees Report,17,0,99053,57.79,0,99271,63.34
2020,2023 Trustees Report,18,0,98972,56.84,0,99240,62.36
2020,2023 Trustees Report,19,0,98868,55.9,0,99202,61.38
2020,2023 Trustees Report,20,0,98745,54.97,0,99159,60.41
2020,2023 Trustees Report,21,0,98607,54.04,0,99111,59.44
2020,2023 Trustees Report,22,0,98456,53.12,0,99058,58.47
2020,2023 Trustees Report,23,0,98298,52.21,0,99001,57.5
2020,2023 Trustees Report,24,0,98132,51.3,0,98940,56.54
2020,2023 Trustees Report,25,0,97961,50.39,0,98875,55.58
2020,2023 Trustees Report,26,0,97783,49.48,0,98806,54.61
2020,2023 Trustees Report,27,0,97599,48.57,0,98732,53.66
2020,2023 Trustees Report,28,0,97406,47.66,0,98654,52.7
2020,2023 Trustees Report,29,0,97205,46.76,0,98570,51.74
2020,2023 Trustees Report,30,0,96994,45.86,0,98480,50.79
2020,2023 Trustees Report,31,0,96773,44.97,0,98383,49.84
2020,2023 Trustees Report,32,0,96544,44.07,0,98281,48.89
2020,2023 Trustees Report,33,0,96308,43.18,0,98171,47.94
2020,2023 Trustees Report,34,0,96066,42.29,0,98055,47
2020,2023 Trustees Report,35,0,95817,41.39,0,97933,46.06
2020,2023 Trustees Report,36,0,95561,40.5,0,97805,45.12
2020,2023 Trustees Report,37,0,95294,39.62,0,97670,44.18
2020,2023 Trustees Report,38,0,95016,38.73,0,97526,43.24
2020,2023 Trustees Report,39,0,94725,37.85,0,97375,42.31
2020,2023 Trustees Report,40,0,94422,36.97,0,97215,41.38
2020,2023 Trustees Report,41,0,94107,36.09,0,97047,40.45
2020,2023 Trustees Report,42,0,93781,35.21,0,96867,39.52
2020,2023 Trustees Report,43,0,93445,34.34,0,96678,38.6
2020,2023 Trustees Report,44,0,93096,33.46,0,96478,37.68
2020,2023 Trustees Report,45,0,92732,32.59,0,96264,36.76
2020,2023 Trustees Report,46,0,92348,31.73,0,96035,35.85
2020,2023 Trustees Report,47,0,91937,30.87,0,95788,34.94
2020,2023 Trustees Report,48,0.01,91493,30.01,0,95522,34.04
2020,2023 Trustees Report,49,0.01,91016,29.17,0,95237,33.14
2020,2023 Trustees Report,50,0.01,90507,28.33,0,94931,32.24
2020,2023 Trustees Report,51,0.01,89964,27.5,0,94601,31.35
2020,2023 Trustees Report,52,0.01,89380,26.67,0,94242,30.47
2020,2023 Trustees Report,53,0.01,88747,25.86,0,93852,29.59
2020,2023 Trustees Report,54,0.01,88062,25.06,0,93430,28.72
2020,2023 Trustees Report,55,0.01,87323,24.27,0.01,92975,27.86
2020,2023 Trustees Report,56,0.01,86528,23.48,0.01,92486,27.01
2020,2023 Trustees Report,57,0.01,85673,22.71,0.01,91958,26.16
2020,2023 Trustees Report,58,0.01,84757,21.95,0.01,91385,25.32
2020,2023 Trustees Report,59,0.01,83777,21.21,0.01,90768,24.49
2020,2023 Trustees Report,60,0.01,82730,20.47,0.01,90103,23.67
2020,2023 Trustees Report,61,0.01,81614,19.74,0.01,89389,22.85
2020,2023 Trustees Report,62,0.02,80423,19.03,0.01,88625,22.04
2020,2023 Trustees Report,63,0.02,79160,18.32,0.01,87812,21.24
2020,2023 Trustees Report,64,0.02,77828,17.63,0.01,86948,20.45
2020,2023 Trustees Report,65,0.02,76434,16.94,0.01,86032,19.66
2020,2023 Trustees Report,66,0.02,74986,16.26,0.01,85063,18.88
2020,2023 Trustees Report,67,0.02,73479,15.58,0.01,84037,18.1
2020,2023 Trustees Report,68,0.02,71910,14.91,0.01,82945,17.34
2020,2023 Trustees Report,69,0.02,70274,14.24,0.02,81781,16.58
2020,2023 Trustees Report,70,0.03,68565,13.59,0.02,80537,15.82
2020,2023 Trustees Report,71,0.03,66773,12.94,0.02,79197,15.08
2020,2023 Trustees Report,72,0.03,64895,12.3,0.02,77748,14.36
2020,2023 Trustees Report,73,0.03,62919,11.67,0.02,76180,13.64
2020,2023 Trustees Report,74,0.04,60827,11.05,0.03,74479,12.94
2020,2023 Trustees Report,75,0.04,58578,10.46,0.03,72615,12.26
2020,2023 Trustees Report,76,0.04,56198,9.88,0.03,70603,11.6
2020,2023 Trustees Report,77,0.05,53685,9.32,0.03,68440,10.95
2020,2023 Trustees Report,78,0.05,51047,8.77,0.04,66120,10.31
2020,2023 Trustees Report,79,0.06,48277,8.25,0.04,63618,9.7
2020,2023 Trustees Report,80,0.07,45397,7.74,0.05,60931,9.1
2020,2023 Trustees Report,81,0.07,42420,7.25,0.05,58058,8.53
2020,2023 Trustees Report,82,0.08,39360,6.77,0.06,55007,7.98
2020,2023 Trustees Report,83,0.09,36224,6.31,0.07,51779,7.44
2020,2023 Trustees Report,84,0.1,33015,5.88,0.07,48372,6.93
2020,2023 Trustees Report,85,0.11,29767,5.47,0.08,44790,6.44
2020,2023 Trustees Report,86,0.12,26518,5.07,0.09,41054,5.99
2020,2023 Trustees Report,87,0.13,23316,4.7,0.1,37203,5.55
2020,2023 Trustees Report,88,0.15,20197,4.35,0.12,33299,5.15
2020,2023 Trustees Report,89,0.16,17200,4.02,0.13,29388,4.76
2020,2023 Trustees Report,90,0.18,14370,3.72,0.15,25522,4.41
2020,2023 Trustees Report,91,0.2,11746,3.44,0.16,21771,4.08
2020,2023 Trustees Report,92,0.22,9364,3.18,0.18,18209,3.78
2020,2023 Trustees Report,93,0.25,7269,2.96,0.2,14903,3.51
2020,2023 Trustees Report,94,0.27,5487,2.75,0.22,11912,3.27
2020,2023 Trustees Report,95,0.29,4023,2.57,0.24,9292,3.05
2020,2023 Trustees Report,96,0.31,2862,2.42,0.26,7067,2.85
2020,2023 Trustees Report,97,0.33,1975,2.28,0.28,5237,2.68
2020,2023 Trustees Report,98,0.35,1323,2.15,0.3,3780,2.52
2020,2023 Trustees Report,99,0.37,861,2.04,0.31,2657,2.37
2020,2023 Trustees Report,100,0.38,545,1.93,0.33,1821,2.23
2020,2023 Trustees Report,101,0.4,335,1.83,0.35,1214,2.09
2020,2023 Trustees Report,102,0.42,200,1.73,0.37,784,1.96
2020,2023 Trustees Report,103,0.45,115,1.63,0.4,490,1.84
2020,2023 Trustees Report,104,0.47,64,1.54,0.42,296,1.72
2020,2023 Trustees Report,105,0.49,34,1.45,0.45,171,1.61
2020,2023 Trustees Report,106,0.52,17,1.36,0.47,95,1.5
2020,2023 Trustees Report,107,0.54,8,1.28,0.5,50,1.4
2020,2023 Trustees Report,108,0.57,4,1.2,0.53,25,1.3
2020,2023 Trustees Report,109,0.6,2,1.13,0.56,12,1.21
2020,2023 Trustees Report,110,0.63,1,1.05,0.6,5,1.12
2020,2023 Trustees Report,111,0.66,0,0.98,0.63,2,1.03
2020,2023 Trustees Report,112,0.69,0,0.92,0.67,1,0.95
2020,2023 Trustees Report,113,0.73,0,0.85,0.71,0,0.88
2020,2023 Trustees Report,114,0.76,0,0.79,0.75,0,0.8
2020,2023 Trustees Report,115,0.8,0,0.74,0.8,0,0.74
2020,2023 Trustees Report,116,0.84,0,0.68,0.84,0,0.68
2020,2023 Trustees Report,117,0.88,0,0.63,0.88,0,0.63
2020,2023 Trustees Report,118,0.93,0,0.58,0.93,0,0.58
2020,2023 Trustees Report,119,0.97,0,0.53,0.97,0,0.53
2021,2024 Trustees Report,0.01,100000,73.54,0.01,100000,79.3
2021,2024 Trustees Report,0,99414,72.97,0,99494,78.7
2021,2024 Trustees Report,0,99372,72,0,99455,77.74
2021,2024 Trustees Report,0,99345,71.02,0,99432,76.75
2021,2024 Trustees Report,0,99323,70.04,0,99415,75.77
2021,2024 Trustees Report,0,99304,69.05,0,99400,74.78
2021,2024 Trustees Report,0,99289,68.06,0,99388,73.79
2021,2024 Trustees Report,0,99275,67.07,0,99378,72.79
2021,2024 Trustees Report,0,99262,66.08,0,99367,71.8
2021,2024 Trustees Report,0,99250,65.09,0,99358,70.81
2021,2024 Trustees Report,0,99238,64.1,0,99348,69.82
2021,2024 Trustees Report,0,99225,63.1,0,99338,68.82
2021,2024 Trustees Report,0,99211,62.11,0,99327,67.83
2021,2024 Trustees Report,0,99195,61.12,0,99314,66.84
2021,2024 Trustees Report,0,99173,60.14,0,99298,65.85
2021,2024 Trustees Report,0,99143,59.16,0,99279,64.86
2021,2024 Trustees Report,0,99098,58.18,0,99256,63.88
2021,2024 Trustees Report,0,99035,57.22,0,99227,62.9
2021,2024 Trustees Report,0,98949,56.27,0,99192,61.92
2021,2024 Trustees Report,0,98840,55.33,0,99150,60.94
2021,2024 Trustees Report,0,98715,54.4,0,99105,59.97
2021,2024 Trustees Report,0,98579,53.47,0,99055,59
2021,2024 Trustees Report,0,98433,52.55,0,98999,58.03
2021,2024 Trustees Report,0,98275,51.64,0,98939,57.07
2021,2024 Trustees Report,0,98106,50.72,0,98873,56.11
2021,2024 Trustees Report,0,97926,49.82,0,98802,55.15
2021,2024 Trustees Report,0,97734,48.91,0,98725,54.19
2021,2024 Trustees Report,0,97530,48.01,0,98643,53.23
2021,2024 Trustees Report,0,97316,47.12,0,98555,52.28
2021,2024 Trustees Report,0,97089,46.23,0,98462,51.33
2021,2024 Trustees Report,0,96850,45.34,0,98361,50.38
2021,2024 Trustees Report,0,96601,44.46,0,98252,49.44
2021,2024 Trustees Report,0,96342,43.57,0,98135,48.5
2021,2024 Trustees Report,0,96073,42.69,0,98008,47.56
2021,2024 Trustees Report,0,95797,41.82,0,97873,46.62
2021,2024 Trustees Report,0,95512,40.94,0,97730,45.69
2021,2024 Trustees Report,0,95218,40.06,0,97579,44.76
2021,2024 Trustees Report,0,94916,39.19,0,97420,43.83
2021,2024 Trustees Report,0,94603,38.32,0,97252,42.91
2021,2024 Trustees Report,0,94277,37.45,0,97075,41.98
2021,2024 Trustees Report,0,93937,36.58,0,96887,41.07
2021,2024 Trustees Report,0,93582,35.72,0,96687,40.15
2021,2024 Trustees Report,0,93211,34.86,0,96474,39.24
2021,2024 Trustees Report,0,92825,34,0,96247,38.33
2021,2024 Trustees Report,0,92423,33.15,0,96008,37.42
2021,2024 Trustees Report,0,92003,32.3,0,95756,36.52
2021,2024 Trustees Report,0.01,91564,31.45,0,95489,35.62
2021,2024 Trustees Report,0.01,91100,30.61,0,95203,34.73
2021,2024 Trustees Report,0.01,90608,29.77,0,94897,33.84
2021,2024 Trustees Report,0.01,90083,28.94,0,94568,32.95
2021,2024 Trustees Report,0.01,89523,28.12,0,94215,32.07
2021,2024 Trustees Report,0.01,88926,27.3,0,93837,31.2
2021,2024 Trustees Report,0.01,88289,26.5,0,93433,30.33
2021,2024 Trustees Report,0.01,87606,25.7,0,93000,29.47
2021,2024 Trustees Report,0.01,86874,24.91,0.01,92537,28.62
2021,2024 Trustees Report,0.01,86089,24.14,0.01,92040,27.77
2021,2024 Trustees Report,0.01,85248,23.37,0.01,91503,26.93
2021,2024 Trustees Report,0.01,84347,22.61,0.01,90924,26.1
2021,2024 Trustees Report,0.01,83386,21.87,0.01,90303,25.27
2021,2024 Trustees Report,0.01,82361,21.13,0.01,89635,24.46
2021,2024 Trustees Report,0.01,81272,20.41,0.01,88915,23.65
2021,2024 Trustees Report,0.02,80112,19.7,0.01,88142,22.86
2021,2024 Trustees Report,0.02,78882,19,0.01,87313,22.07
2021,2024 Trustees Report,0.02,77582,18.31,0.01,86427,21.29
2021,2024 Trustees Report,0.02,76215,17.63,0.01,85490,20.52
2021,2024 Trustees Report,0.02,74786,16.95,0.01,84502,19.75
2021,2024 Trustees Report,0.02,73296,16.29,0.01,83470,18.99
2021,2024 Trustees Report,0.02,71749,15.63,0.01,82389,18.23
2021,2024 Trustees Report,0.02,70141,14.98,0.01,81248,17.48
2021,2024 Trustees Report,0.03,68468,14.33,0.02,80041,16.74
2021,2024 Trustees Report,0.03,66732,13.69,0.02,78758,16
2021,2024 Trustees Report,0.03,64927,13.06,0.02,77393,15.27
2021,2024 Trustees Report,0.03,63046,12.43,0.02,75934,14.56
2021,2024 Trustees Report,0.03,61080,11.82,0.02,74369,13.85
2021,2024 Trustees Report,0.04,59018,11.21,0.02,72686,13.16
2021,2024 Trustees Report,0.04,56849,10.62,0.03,70872,12.49
2021,2024 Trustees Report,0.04,54543,10.05,0.03,68895,11.83
2021,2024 Trustees Report,0.05,52126,9.49,0.03,66764,11.19
2021,2024 Trustees Report,0.05,49598,8.95,0.04,64485,10.57
2021,2024 Trustees Report,0.06,46958,8.42,0.04,62059,9.96
2021,2024 Trustees Report,0.06,44198,7.92,0.05,59469,9.38
2021,2024 Trustees Report,0.07,41342,7.43,0.05,56714,8.81
2021,2024 Trustees Report,0.08,38409,6.96,0.06,53803,8.26
2021,2024 Trustees Report,0.09,35420,6.5,0.06,50741,7.73
2021,2024 Trustees Report,0.09,32385,6.07,0.07,47530,7.21
2021,2024 Trustees Report,0.11,29314,5.65,0.08,44170,6.72
2021,2024 Trustees Report,0.12,26234,5.26,0.09,40672,6.26
2021,2024 Trustees Report,0.13,23175,4.88,0.1,37065,5.82
2021,2024 Trustees Report,0.14,20178,4.53,0.11,33386,5.41
2021,2024 Trustees Report,0.16,17298,4.21,0.12,29698,5.02
2021,2024 Trustees Report,0.17,14571,3.9,0.14,26043,4.65
2021,2024 Trustees Report,0.19,12029,3.62,0.15,22471,4.31
2021,2024 Trustees Report,0.21,9707,3.36,0.17,19042,3.99
2021,2024 Trustees Report,0.23,7640,3.14,0.19,15814,3.71
2021,2024 Trustees Report,0.25,5863,2.94,0.21,12847,3.45
2021,2024 Trustees Report,0.27,4386,2.76,0.23,10192,3.22
2021,2024 Trustees Report,0.29,3198,2.6,0.25,7890,3.01
2021,2024 Trustees Report,0.31,2271,2.45,0.26,5956,2.82
2021,2024 Trustees Report,0.33,1572,2.32,0.28,4385,2.66
2021,2024 Trustees Report,0.34,1060,2.2,0.3,3149,2.5
2021,2024 Trustees Report,0.36,698,2.09,0.32,2208,2.35
2021,2024 Trustees Report,0.38,448,1.98,0.34,1509,2.21
2021,2024 Trustees Report,0.4,279,1.87,0.36,1003,2.08
2021,2024 Trustees Report,0.42,169,1.77,0.38,646,1.95
2021,2024 Trustees Report,0.44,99,1.67,0.4,402,1.82
2021,2024 Trustees Report,0.46,56,1.58,0.42,241,1.71
2021,2024 Trustees Report,0.48,30,1.49,0.45,139,1.59
2021,2024 Trustees Report,0.5,16,1.4,0.48,77,1.49
2021,2024 Trustees Report,0.53,8,1.32,0.5,40,1.39
2021,2024 Trustees Report,0.56,4,1.24,0.53,20,1.29
2021,2024 Trustees Report,0.58,2,1.16,0.57,9,1.2
2021,2024 Trustees Report,0.61,1,1.09,0.6,4,1.11
2021,2024 Trustees Report,0.64,0,1.01,0.64,2,1.03
2021,2024 Trustees Report,0.68,0,0.95,0.68,1,0.95
2021,2024 Trustees Report,0.71,0,0.88,0.71,0,0.88
2021,2024 Trustees Report,0.75,0,0.82,0.75,0,0.82
2021,2024 Trustees Report,0.78,0,0.76,0.78,0,0.76
2021,2024 Trustees Report,0.82,0,0.7,0.82,0,0.7
2021,2024 Trustees Report,0.86,0,0.65,0.86,0,0.65
2021,2024 Trustees Report,0.91,0,0.6,0.91,0,0.6
